iter	RMSE
0	0.3981315378
1	0.3968124749
2	0.3955073517
3	0.3943203312
4	0.392947447
5	0.3917270292
6	0.3904766737
7	0.3892609219
8	0.3881035477
9	0.3869806087
10	0.3858399806
11	0.3845436461
12	0.3833407714
13	0.3821731841
14	0.3809680204
15	0.3797185514
16	0.3785927182
17	0.3773698182
18	0.3762063994
19	0.3750148858
20	0.3738754139
21	0.3726728161
22	0.3716231839
23	0.3703712682
24	0.3691248626
25	0.3678925797
26	0.366743379
27	0.3656165134
28	0.3644488112
29	0.3632662304
30	0.3622074121
31	0.3610586127
32	0.3598454299
33	0.358784345
34	0.3576502947
35	0.3566034613
36	0.3554818315
37	0.3543632215
38	0.3532502066
39	0.3521986517
40	0.3510331583
41	0.3499713498
42	0.3489058703
43	0.3479247021
44	0.3469219383
45	0.3458559377
46	0.3447785557
47	0.3437128611
48	0.342645562
49	0.3415881494
50	0.3404319312
51	0.339387123
52	0.3383887824
53	0.3374723319
54	0.3365429345
55	0.3355204571
56	0.3345345742
57	0.3335130255
58	0.3324914733
59	0.331591775
60	0.3306291727
61	0.3296386032
62	0.3286864365
63	0.3277852632
64	0.3268179565
65	0.3259195807
66	0.3250542431
67	0.3241111534
68	0.3231324835
69	0.3221549619
70	0.3211885547
71	0.3202404049
72	0.319280865
73	0.3183853841
74	0.3174316071
75	0.3166043305
76	0.315712761
77	0.3148701189
78	0.3139265207
79	0.3130874916
80	0.3121279332
81	0.3112385045
82	0.3104114618
83	0.3095217921
84	0.3086914295
85	0.3077978758
86	0.3069643668
87	0.306152507
88	0.3054092435
89	0.3045527055
90	0.3036534777
91	0.3028595377
92	0.3020471698
93	0.3012081195
94	0.3003998671
95	0.2995425683
96	0.298708158
97	0.2978478767
98	0.297002131
99	0.2961648966
100	0.2953684002
101	0.2945308826
102	0.2937791726
103	0.2929075713
104	0.2921545742
105	0.2913019966
106	0.2905191791
107	0.2897197922
108	0.288910617
109	0.2881515757
110	0.2873485839
111	0.2865544098
112	0.285750974
113	0.2850070323
114	0.2842042139
115	0.2834567175
116	0.2826595078
117	0.281896251
118	0.2811708038
119	0.2804011831
120	0.2796840936
121	0.2789594653
122	0.2782540219
123	0.2775662809
124	0.2768127808
125	0.2761241581
126	0.2753851011
127	0.2747258914
128	0.2739916365
129	0.2732796577
130	0.2725752277
131	0.2718895765
132	0.2711742593
133	0.2704746306
134	0.2697091593
135	0.2690584511
136	0.2684289962
137	0.2677292029
138	0.2670930767
139	0.2664312413
140	0.2658599647
141	0.2652011113
142	0.2646113132
143	0.2640035771
144	0.2633524074
145	0.2626732096
146	0.261961087
147	0.2612539659
148	0.2606008926
149	0.2599743278
150	0.2593023991
151	0.2586356388
152	0.2579143894
153	0.2572763766
154	0.256627015
155	0.2559963974
156	0.2553607064
157	0.2546992397
158	0.2541006315
159	0.2535079611
160	0.2529430794
161	0.2523891917
162	0.2517630145
163	0.2511411551
164	0.2505827012
165	0.2500320294
166	0.249398793
167	0.2488074638
168	0.2481909931
169	0.2475869249
170	0.2470333726
171	0.2464914786
172	0.2459281672
173	0.2453574472
174	0.2448768626
175	0.2443308224
176	0.2438140004
177	0.2432248377
178	0.2426424677
179	0.2420663363
180	0.241555843
181	0.2409852424
182	0.2404484266
183	0.2398688637
184	0.2393159756
185	0.2387464933
186	0.2381867642
187	0.237646106
188	0.2371117557
189	0.2366148379
190	0.2361350237
191	0.2356173594
192	0.2350724718
193	0.2345425746
194	0.2340248951
195	0.2335466885
196	0.2329825363
197	0.2324391695
198	0.2319090676
199	0.2314920229
200	0.230961539
201	0.2304360098
202	0.2299147242
203	0.2294637144
204	0.2289512486
205	0.2284168271
206	0.2279084808
207	0.22742011
208	0.22698363
209	0.2265435141
210	0.2260238594
211	0.2255743886
212	0.2251209502
213	0.2246675795
214	0.2241685581
215	0.2236805513
216	0.22323579
217	0.2228082285
218	0.2223807083
219	0.2219312887
220	0.2215055581
221	0.2210935887
222	0.2206668145
223	0.2201955276
224	0.2197618272
225	0.2193266932
226	0.2188526476
227	0.21841176
228	0.2179258765
229	0.2175452583
230	0.2171389193
231	0.2167427856
232	0.2163449718
233	0.2159218446
234	0.2154658326
235	0.2150960323
236	0.2146789658
237	0.2142540619
238	0.2138517965
239	0.2133989162
240	0.2129525538
241	0.2125513487
242	0.2121445097
243	0.211753839
244	0.211380168
245	0.210945141
246	0.2105515727
247	0.2101415779
248	0.2097323514
249	0.2093374945
250	0.208955189
251	0.2085511689
252	0.2081849284
253	0.2078780942
254	0.2074966295
255	0.2070798337
256	0.2066834143
257	0.2063345627
258	0.2059409543
259	0.2055260692
260	0.205127511
261	0.2047767304
262	0.204456536
263	0.2040944408
264	0.2037171789
265	0.2033529863
266	0.202927149
267	0.2025386629
268	0.2021805933
269	0.2018675887
270	0.2014687953
271	0.2011075794
272	0.2007443173
273	0.2004082194
274	0.2000625131
275	0.1997020404
276	0.1993578824
277	0.1989994915
278	0.1986988829
279	0.1983835773
280	0.1980166513
281	0.1976999081
282	0.1973887878
283	0.1970543239
284	0.1967330061
285	0.1963845722
286	0.1960600434
287	0.1957107538
288	0.1953659853
289	0.1950620415
290	0.1947315852
291	0.1943854725
292	0.194046633
293	0.1936854623
294	0.1933881933
295	0.1930735543
296	0.1927625668
297	0.1924394711
298	0.1921515466
299	0.1918340385
300	0.1915220154
301	0.1912153959
302	0.1909130111
303	0.1905877657
304	0.1902939501
305	0.1899845309
306	0.1896923109
307	0.1893854777
308	0.189096507
309	0.1887915094
310	0.1884794916
311	0.1881598915
312	0.1878773936
313	0.1875858754
314	0.1872838991
315	0.186998475
316	0.1866950611
317	0.1864119667
318	0.1861113005
319	0.1858494077
320	0.1855251119
321	0.1852320128
322	0.1849743134
323	0.1846875556
324	0.184430919
325	0.1841668636
326	0.1839035491
327	0.1836291458
328	0.1833765501
329	0.1831119857
330	0.1828408865
331	0.182575281
332	0.1822861395
333	0.1820278754
334	0.181765913
335	0.1814909607
336	0.1812157914
337	0.180987408
338	0.180721494
339	0.1804267479
340	0.1801958676
341	0.1799392117
342	0.1796759495
343	0.1794457591
344	0.1791775301
345	0.1788781638
346	0.1786337931
347	0.1783648352
348	0.1781192295
349	0.1778568298
350	0.1776149082
351	0.1773783965
352	0.1771229404
353	0.1768871607
354	0.1766350886
355	0.1763974983
356	0.1761439718
357	0.1758963333
358	0.1756661815
359	0.175413565
360	0.1751888777
361	0.1749796591
362	0.1747542656
363	0.1745327381
364	0.1742937043
365	0.1740528954
366	0.173807643
367	0.1735683433
368	0.1733367267
369	0.1731275807
370	0.1728755412
371	0.1726181899
372	0.1723902311
373	0.1721356005
374	0.1719061589
375	0.1716913766
376	0.1714744253
377	0.1712291518
378	0.1710257697
379	0.1708454665
380	0.1706414429
381	0.1703989846
382	0.1701968991
383	0.1699950854
384	0.1697899351
385	0.1695696586
386	0.1693547853
387	0.169148192
388	0.1689606132
389	0.168747329
390	0.1685435308
391	0.1683392367
392	0.1681166049
393	0.1678891545
394	0.1677126639
395	0.1675119756
396	0.1673161967
397	0.1671282705
398	0.1669193098
399	0.1667060657
400	0.1665092362
401	0.1663210252
402	0.1661213689
403	0.165925086
404	0.1657374019
405	0.1655393984
406	0.1653562351
407	0.1651425363
408	0.1649573378
409	0.1647545358
410	0.1645562341
411	0.1643594772
412	0.1641546731
413	0.163946403
414	0.1637728
415	0.1635701558
416	0.1633897653
417	0.1632016429
418	0.1630363787
419	0.1628442059
420	0.1626833403
421	0.1624992419
422	0.1623084925
423	0.1621434841
424	0.1619443341
425	0.161779045
426	0.1615939133
427	0.1614075187
428	0.1612223139
429	0.1610626296
430	0.1608759187
431	0.1607037008
432	0.1605457224
433	0.1603631713
434	0.1601892192
435	0.1600150494
436	0.1598341916
437	0.159679002
438	0.1595091469
439	0.1593320523
440	0.1591662717
441	0.1590149152
442	0.1588327981
443	0.1586554026
444	0.1584910536
445	0.1583435998
446	0.1581555438
447	0.1579842468
448	0.157830751
449	0.1576802974
450	0.1575133369
451	0.1573675179
452	0.1571960689
453	0.1570502447
454	0.1568804391
455	0.1567307406
456	0.1565804074
457	0.1564247509
458	0.1562491505
459	0.1561030065
460	0.1559505834
461	0.155804707
462	0.1556597972
463	0.1554975915
464	0.1553368851
465	0.1552064031
466	0.1550616888
467	0.1549149792
468	0.1547605396
469	0.1546148787
470	0.1544822612
471	0.1543343528
472	0.1542042167
473	0.1540510477
474	0.1539034414
475	0.1537495462
476	0.1536170869
477	0.1534657836
478	0.1533122409
479	0.1531689373
480	0.1530134081
481	0.1528651341
482	0.1527294607
483	0.152597062
484	0.1524626645
485	0.1523153681
486	0.1521747481
487	0.1520274168
488	0.1518752894
489	0.15173513
490	0.1516027057
491	0.151472913
492	0.1513263462
493	0.1511801813
494	0.1510401317
495	0.1509202842
496	0.1507731779
497	0.1506447999
498	0.150509011
499	0.1503731877
500	0.1502501951
501	0.1501263157
502	0.1500101792
503	0.1498633444
504	0.1497432299
505	0.1495991149
506	0.1494620763
507	0.1493342013
508	0.14920587
509	0.1490925465
510	0.1489588519
511	0.1488115739
512	0.1486919921
513	0.148568188
514	0.1484294835
515	0.148272866
516	0.148152002
517	0.1480106773
518	0.1478871331
519	0.1477622626
520	0.1476422475
521	0.1475224489
522	0.1474006571
523	0.1472718512
524	0.1471509822
525	0.1470411941
526	0.1469307025
527	0.1468184434
528	0.1467027425
529	0.1465860863
530	0.1464530195
531	0.1463392138
532	0.1462176803
533	0.1461014842
534	0.1459954897
535	0.1458912934
536	0.1457765408
537	0.1456803931
538	0.1455734687
539	0.1454637678
540	0.14533075
541	0.1452282317
542	0.1451297274
543	0.1450321565
544	0.1449109196
545	0.1447945915
546	0.1446737481
547	0.1445531589
548	0.1444329793
549	0.1442969886
550	0.1441969873
551	0.144107089
552	0.1440030381
553	0.1438929521
554	0.1437697308
555	0.1436644633
556	0.1435670342
557	0.1434513699
558	0.1433734633
559	0.1432537306
560	0.1431442155
561	0.1430363915
562	0.1429529004
563	0.1428562564
564	0.142768066
565	0.1426496398
566	0.1425556702
567	0.1424529999
568	0.1423412653
569	0.1422371492
570	0.1421248848
571	0.1420390566
572	0.1419497853
573	0.1418492198
574	0.1417483539
575	0.1416316323
576	0.1415284375
577	0.1414390436
578	0.141341547
579	0.1412359717
580	0.1411415883
581	0.1410424864
582	0.1409559653
583	0.1408541407
584	0.1407678584
585	0.1406680714
586	0.1405661502
587	0.1404510634
588	0.1403734366
589	0.140272862
590	0.1401732287
591	0.1400683436
592	0.1399860657
593	0.1398811149
594	0.139782815
595	0.1396887102
596	0.1395935908
597	0.1394745264
598	0.1393752977
599	0.1392914144
600	0.13919358
601	0.1391098258
602	0.1390267544
603	0.1389235325
604	0.1388212334
605	0.1387381349
606	0.1386364965
607	0.1385541946
608	0.1384701183
609	0.1383766744
610	0.1382904029
611	0.1381889943
612	0.1380955941
613	0.1380179506
614	0.1379359255
615	0.137845592
616	0.1377658549
617	0.137687567
618	0.137589857
619	0.13750712
620	0.1374300223
621	0.1373208868
622	0.1372357798
623	0.1371362549
624	0.1370745756
625	0.1369852772
626	0.1369164642
627	0.1368326493
628	0.1367526982
629	0.1366700507
630	0.1365736353
631	0.1364735274
632	0.1363809693
633	0.1362975305
634	0.1362058853
635	0.1361308563
636	0.1360542732
637	0.135980778
638	0.135905455
639	0.135829104
640	0.13574956
641	0.1356522949
642	0.1355776322
643	0.1354982332
644	0.1354175562
645	0.135322886
646	0.1352344282
647	0.1351576442
648	0.1350833406
649	0.1349878864
650	0.1348977353
651	0.1348172457
652	0.1347351427
653	0.1346712477
654	0.134597052
655	0.1345114099
656	0.134414796
657	0.1343446026
658	0.134261931
659	0.1341863747
660	0.1341074528
661	0.1340322624
662	0.1339486181
663	0.1338792145
664	0.1337920804
665	0.1337239753
666	0.1336510251
667	0.1335775041
668	0.1335122521
669	0.1334348936
670	0.1333648102
671	0.1333003303
672	0.1332303412
673	0.1331630055
674	0.1330903551
675	0.1330248609
676	0.132957438
677	0.1328768853
678	0.1328125728
679	0.1327236088
680	0.1326493936
681	0.1325745312
682	0.1325113172
683	0.1324341587
684	0.1323794016
685	0.1323214678
686	0.1322436017
687	0.1321760294
688	0.1321083872
689	0.1320386895
690	0.1319728606
691	0.1319070869
692	0.1318374366
693	0.1317652827
694	0.1317036153
695	0.1316304174
696	0.1315624652
697	0.1314933051
698	0.1314226456
699	0.1313514347
700	0.1312805128
701	0.1312003019
702	0.1311299488
703	0.1310723715
704	0.1309959469
705	0.13092734
706	0.1308711742
707	0.1308191501
708	0.130748712
709	0.1306844985
710	0.1306281961
711	0.1305540225
712	0.1304900575
713	0.1304165799
714	0.1303441778
715	0.1302713859
716	0.1302008961
717	0.1301376358
718	0.1300735722
719	0.1299911756
720	0.1299274046
721	0.1298710146
722	0.1298127341
723	0.1297571377
724	0.1296975708
725	0.1296346381
726	0.1295653525
727	0.1295150446
728	0.1294484678
729	0.1293927563
730	0.1293323217
731	0.1292817345
732	0.1292285581
733	0.1291759788
734	0.1291101237
735	0.1290529585
736	0.1289982436
737	0.1289336172
738	0.1288616041
739	0.12879455
740	0.1287366067
741	0.1286770509
742	0.1286235686
743	0.1285670734
744	0.1285063056
745	0.1284457359
746	0.1283948564
747	0.1283302058
748	0.128275885
749	0.128233182
750	0.1281831426
751	0.1281241931
752	0.1280557785
753	0.1280003642
754	0.1279273293
755	0.1278667587
756	0.1278173228
757	0.1277597044
758	0.1276797808
759	0.1276303286
760	0.1275722253
761	0.1275202662
762	0.1274622115
763	0.1273994673
764	0.1273427788
765	0.1272881577
766	0.1272427106
767	0.1271928656
768	0.1271398608
769	0.1270860166
770	0.1270323213
771	0.1269806543
772	0.1269295999
773	0.1268798861
774	0.1268197698
775	0.1267639585
776	0.1267017751
777	0.1266575354
778	0.1266061697
779	0.1265533316
780	0.1264990194
781	0.1264464603
782	0.1264040857
783	0.1263459663
784	0.1262950898
785	0.1262408869
786	0.1261826806
787	0.1261213774
788	0.12606726
789	0.1260089698
790	0.1259557887
791	0.1258972109
792	0.125851296
793	0.1258076658
794	0.1257449928
795	0.1256999609
796	0.1256406356
797	0.1255962652
798	0.1255438617
799	0.1255036094
800	0.1254487886
801	0.125402224
802	0.1253424371
803	0.1252799835
804	0.1252230438
805	0.125168694
806	0.1251109896
807	0.1250792316
808	0.1250296611
809	0.1249781051
810	0.1249255372
811	0.1248793817
812	0.1248129134
813	0.1247698334
814	0.124714076
815	0.124661175
816	0.1246161752
817	0.1245684905
818	0.1245211851
819	0.1244777809
820	0.124423112
821	0.1243761698
822	0.1243396729
823	0.1242899186
824	0.1242412658
825	0.1241963178
826	0.1241491591
827	0.1241070421
828	0.1240584393
829	0.1240050435
830	0.1239557829
831	0.1239073543
832	0.1238478506
833	0.1237920574
834	0.1237458744
835	0.1237020772
836	0.1236683307
837	0.1236220095
838	0.1235806412
839	0.1235291
840	0.1234884555
841	0.1234398894
842	0.1233945229
843	0.1233405443
844	0.1232946975
845	0.1232340951
846	0.1231848547
847	0.1231441726
848	0.1230886933
849	0.1230468443
850	0.1230027765
851	0.1229557409
852	0.1229018535
853	0.1228697441
854	0.1228157113
855	0.1227861909
856	0.1227300109
857	0.1226762912
858	0.1226230604
859	0.1225727002
860	0.122524795
861	0.1224818273
862	0.1224303944
863	0.1223913205
864	0.1223396238
865	0.1223053423
866	0.1222680244
867	0.1222241447
868	0.1221867039
869	0.1221483858
870	0.1221060337
871	0.1220602695
872	0.1220113544
873	0.1219533582
874	0.1219125773
875	0.1218693741
876	0.1218274145
877	0.1217877673
878	0.121736865
879	0.1216829848
880	0.1216396884
881	0.121596471
882	0.1215679388
883	0.1215439121
884	0.1215070298
885	0.1214771131
886	0.1214337476
887	0.1213842356
888	0.1213429544
889	0.1213053285
890	0.1212632915
891	0.1212179112
892	0.1211737431
893	0.1211157659
894	0.1210751526
895	0.1210287311
896	0.1209900158
897	0.1209505987
898	0.1209124552
899	0.1208729524
900	0.1208259329
901	0.120781762
902	0.1207400153
903	0.1206978532
904	0.1206569067
905	0.1206169271
906	0.1205725605
907	0.1205316843
908	0.120492101
909	0.1204547892
910	0.1204132525
911	0.1203606797
912	0.1203116162
913	0.1202750073
914	0.1202400373
915	0.1201914294
916	0.1201574731
917	0.1201049447
918	0.120060815
919	0.1200059708
920	0.1199713679
921	0.1199196564
922	0.1198709642
923	0.1198298973
924	0.1197827232
925	0.1197405613
926	0.1197058914
927	0.1196715087
928	0.1196236695
929	0.1195725799
930	0.1195295198
931	0.1194920563
932	0.1194490264
933	0.1194050177
934	0.1193680555
935	0.1193351724
936	0.1193020878
937	0.1192589773
938	0.1192347636
939	0.1191906119
940	0.1191548982
941	0.1191076446
942	0.1190630316
943	0.1190108035
944	0.1189601644
945	0.1189186376
946	0.1188923564
947	0.1188560769
948	0.1188152144
949	0.1187732558
950	0.1187362272
951	0.1186979425
952	0.1186676583
953	0.1186403325
954	0.1185935317
955	0.118558925
956	0.1185250716
957	0.1184773471
958	0.1184465862
959	0.1184016486
960	0.1183618707
961	0.1183181182
962	0.1182820752
963	0.1182432473
964	0.1182129444
965	0.1181829744
966	0.1181497412
967	0.1181041283
968	0.1180715238
969	0.1180386064
970	0.1179967826
971	0.1179606412
972	0.1179192119
973	0.1178786662
974	0.1178385235
975	0.1178033175
976	0.1177610719
977	0.1177250606
978	0.1176925528
979	0.1176437838
980	0.1176073646
981	0.1175712323
982	0.1175422463
983	0.1175067102
984	0.1174758878
985	0.1174455365
986	0.1174047053
987	0.1173683518
988	0.1173346405
989	0.1173152015
990	0.1172903367
991	0.1172526293
992	0.1172115019
993	0.1171775953
994	0.1171313068
995	0.1170947715
996	0.1170523013
997	0.1170207958
998	0.1169849906
999	0.1169475922
1000	0.1169130201
1001	0.1168813942
1002	0.1168456158
1003	0.1168112227
1004	0.1167719904
1005	0.1167318925
1006	0.1166985751
1007	0.1166572961
1008	0.1166235761
1009	0.116591119
1010	0.1165461148
1011	0.1165129291
1012	0.1164795013
1013	0.1164557179
1014	0.1164215051
1015	0.1163882868
1016	0.1163459004
1017	0.1163136368
1018	0.1162912518
1019	0.1162557632
1020	0.1162181814
1021	0.1161947926
1022	0.1161656172
1023	0.1161401248
1024	0.1161126826
1025	0.1160750818
1026	0.1160364021
1027	0.1159959429
1028	0.1159620924
1029	0.1159335343
1030	0.1159036278
1031	0.1158606074
1032	0.1158350833
1033	0.1158008994
1034	0.1157684149
1035	0.1157425443
1036	0.11570774
1037	0.1156772637
1038	0.1156382135
1039	0.1156084955
1040	0.115579513
1041	0.1155391014
1042	0.1155074354
1043	0.1154800235
1044	0.1154507744
1045	0.1154193222
1046	0.1153890923
1047	0.115349348
1048	0.1153158145
1049	0.1152923689
1050	0.1152692264
1051	0.1152403916
1052	0.1152059206
1053	0.1151788831
1054	0.1151460088
1055	0.1151157059
1056	0.1150920433
1057	0.1150532379
1058	0.1150285433
1059	0.1150012694
1060	0.1149674025
1061	0.1149328706
1062	0.1149018011
1063	0.1148674854
1064	0.1148347111
1065	0.1147994558
1066	0.1147683181
1067	0.1147298608
1068	0.1147011571
1069	0.1146755854
1070	0.1146547187
1071	0.1146277574
1072	0.1145934502
1073	0.1145649368
1074	0.1145409712
1075	0.1145075101
1076	0.1144738525
1077	0.1144437569
1078	0.1144141289
1079	0.1143860152
1080	0.1143584382
1081	0.1143183223
1082	0.1142968687
1083	0.1142635424
1084	0.1142463144
1085	0.1142229898
1086	0.1141939846
1087	0.1141599509
1088	0.1141278034
1089	0.1140930973
1090	0.1140598826
1091	0.114030517
1092	0.1140052753
1093	0.1139753061
1094	0.1139535261
1095	0.1139187586
1096	0.113891811
1097	0.1138574364
1098	0.1138313969
1099	0.1138038524
1100	0.113761828
1101	0.1137295606
1102	0.1136960838
1103	0.1136693835
1104	0.1136344104
1105	0.1136067694
1106	0.1135789014
1107	0.1135563459
1108	0.1135204435
1109	0.1134881357
1110	0.113462513
1111	0.1134289419
1112	0.1134028647
1113	0.1133783209
1114	0.1133491503
1115	0.1133227482
1116	0.1132933438
1117	0.113261271
1118	0.1132325104
1119	0.113202592
1120	0.1131746542
1121	0.1131509832
1122	0.1131315363
1123	0.1131053804
1124	0.1130701239
1125	0.1130409032
1126	0.1130249396
1127	0.112991211
1128	0.1129666795
1129	0.1129350119
1130	0.1128995791
1131	0.1128808616
1132	0.112855603
1133	0.1128228588
1134	0.1127939983
1135	0.1127598461
1136	0.1127435077
1137	0.1127117121
1138	0.1126753247
1139	0.1126483003
1140	0.1126204253
1141	0.112587405
1142	0.1125535389
1143	0.1125218562
1144	0.1124879383
1145	0.112461268
1146	0.1124366771
1147	0.1124088808
1148	0.1123874261
1149	0.1123746376
1150	0.1123474672
1151	0.1123190431
1152	0.1122883318
1153	0.1122612595
1154	0.112232583
1155	0.1122031155
1156	0.1121727295
1157	0.1121491519
1158	0.1121213704
1159	0.1120939451
1160	0.1120721536
1161	0.1120407228
1162	0.1120118035
1163	0.1119801982
1164	0.1119522598
1165	0.1119246582
1166	0.1118964956
1167	0.1118803853
1168	0.111851905
1169	0.1118242076
1170	0.1117926743
1171	0.1117689694
1172	0.1117462936
1173	0.111724365
1174	0.111700214
1175	0.1116684248
1176	0.1116349758
1177	0.1116018693
1178	0.1115706935
1179	0.111538118
1180	0.1115078706
1181	0.1114802587
1182	0.1114475013
1183	0.1114197011
1184	0.1113817683
1185	0.1113622371
1186	0.1113362083
1187	0.1113100267
1188	0.1112918804
1189	0.111258488
1190	0.1112349824
1191	0.1112167693
1192	0.1111970313
1193	0.1111689822
1194	0.1111400368
1195	0.1111191446
1196	0.1110985553
1197	0.111072733
1198	0.1110511946
1199	0.1110198179
1200	0.1109978439
1201	0.1109723045
1202	0.1109481709
1203	0.1109205122
1204	0.1108857152
1205	0.110858137
1206	0.1108283642
1207	0.1108019964
1208	0.1107695618
1209	0.1107537248
1210	0.1107373521
1211	0.1107189036
1212	0.110700579
1213	0.1106724641
1214	0.1106507689
1215	0.1106250989
1216	0.1105997227
1217	0.1105751272
1218	0.1105469215
1219	0.1105209575
1220	0.1105018597
1221	0.1104786626
1222	0.1104541719
1223	0.1104270493
1224	0.1104080023
1225	0.110387294
1226	0.1103614113
1227	0.1103315342
1228	0.1102997897
1229	0.1102687081
1230	0.1102402214
1231	0.1102148467
1232	0.1101920779
1233	0.1101697329
1234	0.1101467578
1235	0.1101220526
1236	0.1101011042
1237	0.1100728702
1238	0.1100575574
1239	0.1100350313
1240	0.1100090135
1241	0.1099821348
1242	0.1099597465
1243	0.1099316078
1244	0.1099043125
1245	0.1098820174
1246	0.1098702018
1247	0.1098471967
1248	0.1098276898
1249	0.1097988477
1250	0.1097781108
1251	0.1097508178
1252	0.1097295295
1253	0.10970819
1254	0.1096885951
1255	0.1096658005
1256	0.1096498855
1257	0.1096234885
1258	0.1095932365
1259	0.1095713004
1260	0.109547695
1261	0.1095183569
1262	0.1094969924
1263	0.1094724657
1264	0.1094432388
1265	0.1094181445
1266	0.109394399
1267	0.1093757426
1268	0.1093457999
1269	0.1093220125
1270	0.1092944386
1271	0.1092703215
1272	0.1092415763
1273	0.1092090962
1274	0.1091854439
1275	0.109162436
1276	0.1091391819
1277	0.1091158822
1278	0.1090873831
1279	0.109061043
1280	0.1090454405
1281	0.1090203132
1282	0.108999023
1283	0.108967387
1284	0.1089381619
1285	0.1089178769
1286	0.1088962702
1287	0.1088747587
1288	0.1088499067
1289	0.1088322309
1290	0.1088108067
1291	0.1087899428
1292	0.1087635974
1293	0.1087443727
1294	0.1087224111
1295	0.1086959812
1296	0.1086751516
1297	0.108646972
1298	0.1086234922
1299	0.108597348
1300	0.1085718997
1301	0.1085529603
1302	0.108532779
1303	0.1085079314
1304	0.1084807008
1305	0.1084581855
1306	0.1084345313
1307	0.1084103736
1308	0.1083929019
1309	0.1083723848
1310	0.1083489403
1311	0.1083298117
1312	0.1083053659
1313	0.1082849809
1314	0.1082675087
1315	0.1082494714
1316	0.1082234479
1317	0.1081991566
1318	0.1081704037
1319	0.1081487724
1320	0.1081371712
1321	0.1081168922
1322	0.1080909477
1323	0.1080627484
1324	0.1080424493
1325	0.1080201025
1326	0.1079983011
1327	0.1079739348
1328	0.1079462083
1329	0.1079252683
1330	0.1079000542
1331	0.1078771591
1332	0.1078545116
1333	0.107829077
1334	0.1078125416
1335	0.1077866451
1336	0.1077608979
1337	0.1077391704
1338	0.107714397
1339	0.1076875366
1340	0.107660747
1341	0.1076414457
1342	0.1076155193
1343	0.1075938559
1344	0.1075685098
1345	0.1075417326
1346	0.1075165718
1347	0.10749582
1348	0.1074789419
1349	0.1074551932
1350	0.1074324513
1351	0.1074120676
1352	0.1073941913
1353	0.1073763514
1354	0.1073563733
1355	0.1073328401
1356	0.1073117228
1357	0.1072963336
1358	0.1072703824
1359	0.1072482846
1360	0.1072300036
1361	0.1072060044
1362	0.1071877089
1363	0.1071633239
1364	0.1071458362
1365	0.1071155495
1366	0.1070908794
1367	0.1070610713
1368	0.107042744
1369	0.1070209995
1370	0.1069906801
1371	0.1069659095
1372	0.1069481853
1373	0.1069275395
1374	0.1069118161
1375	0.1068947598
1376	0.1068662158
1377	0.1068363033
1378	0.1068161517
1379	0.1067948719
1380	0.1067726401
1381	0.1067514199
1382	0.1067269009
1383	0.1067083614
1384	0.1066911536
1385	0.1066722491
1386	0.1066515291
1387	0.106624528
1388	0.1066036032
1389	0.1065795981
1390	0.1065601127
1391	0.1065374549
1392	0.1065171172
1393	0.1064961963
1394	0.1064817753
1395	0.1064648211
1396	0.1064456144
1397	0.1064152722
1398	0.1063962367
1399	0.1063745376
1400	0.1063588697
1401	0.106337643
1402	0.1063156796
1403	0.1063017719
1404	0.1062761659
1405	0.106254504
1406	0.1062306382
1407	0.106206492
1408	0.1061838852
1409	0.1061640583
1410	0.1061435282
1411	0.1061277843
1412	0.1061081535
1413	0.1060906083
1414	0.1060711977
1415	0.1060482197
1416	0.1060292709
1417	0.1060095066
1418	0.1059867808
1419	0.1059690577
1420	0.1059455538
1421	0.1059282853
1422	0.105908159
1423	0.1058833971
1424	0.105863837
1425	0.1058434605
1426	0.105821765
1427	0.1058080302
1428	0.1057885955
1429	0.1057635254
1430	0.1057382776
1431	0.1057182527
1432	0.1056960966
1433	0.1056805938
1434	0.105659891
1435	0.1056423452
1436	0.1056201625
1437	0.1055944418
1438	0.1055747244
1439	0.1055520888
1440	0.1055297012
1441	0.1055038622
1442	0.1054796351
1443	0.1054535275
1444	0.1054315096
1445	0.105409823
1446	0.1053929328
1447	0.105368138
1448	0.1053492762
1449	0.1053245309
1450	0.1052986705
1451	0.1052827604
1452	0.1052581652
1453	0.1052333093
1454	0.1052166608
1455	0.1052025505
1456	0.1051803086
1457	0.10516161
1458	0.1051493021
1459	0.1051286751
1460	0.1051105536
1461	0.1050871016
1462	0.1050599411
1463	0.1050390984
1464	0.1050158634
1465	0.1049986429
1466	0.1049724603
1467	0.1049527905
1468	0.1049347928
1469	0.1049194665
1470	0.1048992987
1471	0.1048731094
1472	0.1048615079
1473	0.1048479967
1474	0.104832279
1475	0.1048122474
1476	0.1047908766
1477	0.1047667507
1478	0.1047460592
1479	0.104727278
1480	0.1047133343
1481	0.1046964458
1482	0.1046766108
1483	0.1046605963
1484	0.1046398885
1485	0.1046186409
1486	0.1045942222
1487	0.1045811287
1488	0.104559781
1489	0.1045408554
1490	0.1045173822
1491	0.1044946969
1492	0.104476572
1493	0.1044548597
1494	0.1044393066
1495	0.1044283448
1496	0.1044078998
1497	0.1043858833
1498	0.104365739
1499	0.104347232
1500	0.1043310468
1501	0.1043151931
1502	0.1042975201
1503	0.1042746097
1504	0.1042593935
1505	0.1042430602
1506	0.1042334617
1507	0.1042199003
1508	0.1041953511
1509	0.1041733356
1510	0.1041551572
1511	0.1041350696
1512	0.1041124761
1513	0.104093107
1514	0.1040750122
1515	0.1040594481
1516	0.1040373742
1517	0.1040230721
1518	0.104004361
1519	0.1039814646
1520	0.1039610863
1521	0.1039460933
1522	0.1039215567
1523	0.1039042551
1524	0.1038869252
1525	0.1038649241
1526	0.1038479722
1527	0.1038286148
1528	0.1038081271
1529	0.1037932417
1530	0.1037722335
1531	0.103754606
1532	0.1037338738
1533	0.1037129316
1534	0.1036882476
1535	0.1036705299
1536	0.1036500812
1537	0.1036379691
1538	0.1036217558
1539	0.103599146
1540	0.1035772661
1541	0.103556225
1542	0.1035360189
1543	0.1035189358
1544	0.103500497
1545	0.1034823178
1546	0.1034628234
1547	0.1034434745
1548	0.1034292243
1549	0.1034119147
1550	0.1033976331
1551	0.1033821766
1552	0.1033703165
1553	0.1033541201
1554	0.1033367966
1555	0.1033200027
1556	0.1033030805
1557	0.1032904415
1558	0.1032747617
1559	0.1032580498
1560	0.1032392245
1561	0.1032236093
1562	0.1032063021
1563	0.1031884473
1564	0.1031704992
1565	0.103153752
1566	0.103134262
1567	0.1031186401
1568	0.1031018692
1569	0.1030858843
1570	0.1030676595
1571	0.1030513367
1572	0.103034145
1573	0.1030151119
1574	0.1029876598
1575	0.1029667786
1576	0.1029465185
1577	0.1029272573
1578	0.1029073889
1579	0.1028853704
1580	0.1028609571
1581	0.1028448548
1582	0.1028253059
1583	0.1028039264
1584	0.1027884957
1585	0.1027703259
1586	0.1027526543
1587	0.1027368341
1588	0.1027267973
1589	0.1027125112
1590	0.1026932374
1591	0.1026791683
1592	0.1026622246
1593	0.1026410954
1594	0.1026240789
1595	0.1026022381
1596	0.1025890434
1597	0.1025737164
1598	0.1025531893
1599	0.1025347199
1600	0.1025154074
1601	0.1024993316
1602	0.1024804637
1603	0.1024667938
1604	0.1024499615
1605	0.1024293866
1606	0.1024100885
1607	0.1023956821
1608	0.1023767715
1609	0.1023554883
1610	0.1023396548
1611	0.1023244145
1612	0.1023028381
1613	0.1022858141
1614	0.1022686314
1615	0.1022467002
1616	0.1022257639
1617	0.1022057876
1618	0.1021936204
1619	0.102176327
1620	0.1021580948
1621	0.1021424362
1622	0.1021226092
1623	0.1021076108
1624	0.1020865807
1625	0.1020688322
1626	0.1020506339
1627	0.1020346951
1628	0.1020201298
1629	0.1020007932
1630	0.1019803675
1631	0.1019656509
1632	0.1019468468
1633	0.1019279288
1634	0.1019103936
1635	0.1018941832
1636	0.1018755151
1637	0.1018575733
1638	0.101839931
1639	0.1018262327
1640	0.1018119898
1641	0.1017938352
1642	0.1017757659
1643	0.1017607029
1644	0.1017466376
1645	0.1017330015
1646	0.1017145164
1647	0.1016937416
1648	0.1016775845
1649	0.101657602
1650	0.1016410048
1651	0.1016238395
1652	0.1016052045
1653	0.101591669
1654	0.1015733869
1655	0.1015546866
1656	0.1015333784
1657	0.1015244152
1658	0.1015106051
1659	0.1014905221
1660	0.1014694873
1661	0.1014538616
1662	0.101436875
1663	0.1014205235
1664	0.1013996713
1665	0.1013869845
1666	0.10137365
1667	0.1013588774
1668	0.10134359
1669	0.1013298425
1670	0.1013111476
1671	0.1012983274
1672	0.101272347
1673	0.1012519082
1674	0.1012340993
1675	0.1012187291
1676	0.1012033646
1677	0.1011862901
1678	0.101172048
1679	0.101156672
1680	0.1011395987
1681	0.1011223244
1682	0.1011090742
1683	0.1010963074
1684	0.1010837834
1685	0.1010661904
1686	0.1010476009
1687	0.1010304634
1688	0.1010173945
1689	0.1010037024
1690	0.1009891386
1691	0.100975734
1692	0.1009601313
1693	0.1009428861
1694	0.1009259294
1695	0.1009098031
1696	0.1008972647
1697	0.1008727569
1698	0.1008581798
1699	0.1008376261
1700	0.1008182847
1701	0.1008036238
1702	0.1007876011
1703	0.1007722268
1704	0.100756347
1705	0.1007397068
1706	0.1007266741
1707	0.1007094006
1708	0.1006860659
1709	0.1006769521
1710	0.1006584121
1711	0.1006435737
1712	0.1006298553
1713	0.1006171571
1714	0.100598254
1715	0.1005810166
1716	0.1005629977
1717	0.1005420991
1718	0.1005252302
1719	0.100510986
1720	0.1004963819
1721	0.1004850571
1722	0.1004698353
1723	0.1004446449
1724	0.1004242665
1725	0.100407357
1726	0.1003924058
1727	0.1003762904
1728	0.1003564816
1729	0.1003413513
1730	0.1003235541
1731	0.1003061032
1732	0.1002902141
1733	0.1002705161
1734	0.1002554668
1735	0.1002378404
1736	0.1002185403
1737	0.1002059097
1738	0.1001855656
1739	0.1001703084
1740	0.1001579532
1741	0.1001343917
1742	0.1001150766
1743	0.1000953262
1744	0.1000799341
1745	0.1000669345
1746	0.100048408
1747	0.1000308842
1748	0.1000094216
1749	0.0999934269
1750	0.09997709487
1751	0.09996059013
1752	0.09994413538
1753	0.09992288886
1754	0.09990980679
1755	0.09989741518
1756	0.09988383539
1757	0.09986860004
1758	0.09985169289
1759	0.09984276874
1760	0.09982864605
1761	0.09980676976
1762	0.09979328339
1763	0.09977633555
1764	0.09976286872
1765	0.09975165427
1766	0.09973365441
1767	0.09972446885
1768	0.09970819091
1769	0.09969046026
1770	0.09967253655
1771	0.09965638709
1772	0.09964188474
1773	0.09963586063
1774	0.09961827749
1775	0.09960069763
1776	0.09958772759
1777	0.09957203569
1778	0.09955855771
1779	0.09954243718
1780	0.09952283679
1781	0.09950395489
1782	0.09949098406
1783	0.09948660226
1784	0.09947332721
1785	0.09945768845
1786	0.0994402515
1787	0.09942490089
1788	0.09941358566
1789	0.09939567897
1790	0.09938025862
1791	0.09936658162
1792	0.09934750453
1793	0.09933437923
1794	0.09931870916
1795	0.09930512387
1796	0.09928771097
1797	0.09926878938
1798	0.09925987779
1799	0.09924947544
1800	0.09923409399
1801	0.09921878138
1802	0.09920425204
1803	0.09918793266
1804	0.09917353127
1805	0.09915717349
1806	0.09913835278
1807	0.09911953895
1808	0.0991024631
1809	0.09908645797
1810	0.09906794549
1811	0.09905497189
1812	0.09905107849
1813	0.09904024274
1814	0.09902872823
1815	0.09901733828
1816	0.09900086333
1817	0.09898443094
1818	0.09896782248
1819	0.09895174587
1820	0.09893636835
1821	0.09892225877
1822	0.09890713806
1823	0.09888799029
1824	0.09888374922
1825	0.09887115531
1826	0.09885308264
1827	0.09884417714
1828	0.09882592208
1829	0.09881822272
1830	0.09880495729
1831	0.09879536455
1832	0.09878249646
1833	0.09876604955
1834	0.0987558404
1835	0.09874082289
1836	0.09873230986
1837	0.09871858859
1838	0.09870206899
1839	0.09868644234
1840	0.09867124159
1841	0.09865467348
1842	0.09863850429
1843	0.09862269033
1844	0.09861157929
1845	0.09859449943
1846	0.09857988094
1847	0.09856536999
1848	0.09855428871
1849	0.09853753032
1850	0.09851869216
1851	0.09850124176
1852	0.09848292589
1853	0.0984663394
1854	0.09844712779
1855	0.09843568134
1856	0.09842311609
1857	0.09840588878
1858	0.09839001774
1859	0.098373958
1860	0.09835845964
1861	0.09834085867
1862	0.09832497399
1863	0.09831227113
1864	0.09830204986
1865	0.09828729228
1866	0.09827268233
1867	0.09825735917
1868	0.09824498182
1869	0.09823478559
1870	0.09822047919
1871	0.09820862809
1872	0.09819314956
1873	0.09817165121
1874	0.09815358381
1875	0.09813675114
1876	0.09812114115
1877	0.09810949349
1878	0.0980919686
1879	0.09807395726
1880	0.09805789405
1881	0.09804380909
1882	0.09802941365
1883	0.09801551804
1884	0.09799986842
1885	0.097985223
1886	0.09796372475
1887	0.0979498248
1888	0.09793554544
1889	0.09791719406
1890	0.09790472204
1891	0.09790028285
1892	0.09788253477
1893	0.09786847921
1894	0.0978527388
1895	0.09783782824
1896	0.09782375895
1897	0.09781297809
1898	0.09779645852
1899	0.09778405476
1900	0.09777045422
1901	0.09775493988
1902	0.09774102961
1903	0.09772750496
1904	0.09772147872
1905	0.09770574105
1906	0.09768423501
1907	0.09766581491
1908	0.09765005303
1909	0.0976439221
1910	0.09762993753
1911	0.09760823716
1912	0.09759746463
1913	0.0975888632
1914	0.09757083525
1915	0.09755720083
1916	0.09753792342
1917	0.09752468148
1918	0.09751115172
1919	0.09749779381
1920	0.09748414762
1921	0.09746706767
1922	0.09745884298
1923	0.09745368881
1924	0.09743561668
1925	0.09742252809
1926	0.0974008418
1927	0.09739095226
1928	0.09737570124
1929	0.0973588359
1930	0.09734162197
1931	0.09732075033
1932	0.09730158532
1933	0.09729020615
1934	0.09727364491
1935	0.09726292376
1936	0.09724665236
1937	0.09724261049
1938	0.09723314061
1939	0.09722024389
1940	0.09721193355
1941	0.09720071656
1942	0.09718705337
1943	0.09718284179
1944	0.09716957281
1945	0.09715736185
1946	0.09714759155
1947	0.09713333321
1948	0.09712306842
1949	0.09711045499
1950	0.09710250277
1951	0.09709041819
1952	0.09707509306
1953	0.09706133594
1954	0.09705216701
1955	0.0970357343
1956	0.0970267114
1957	0.09701221181
1958	0.09699770917
1959	0.09698500693
1960	0.09696937952
1961	0.09696588472
1962	0.09695366049
1963	0.09694149098
1964	0.09692415099
1965	0.09690980188
1966	0.09689465322
1967	0.09687930748
1968	0.09687539526
1969	0.0968603595
1970	0.09685107522
1971	0.0968380345
1972	0.09682386222
1973	0.09681062395
1974	0.09679358131
1975	0.0967853194
1976	0.096772094
1977	0.0967572011
1978	0.09674443751
1979	0.09673990396
1980	0.09673653129
1981	0.09673314022
1982	0.09672438578
1983	0.09671555705
1984	0.0967066786
1985	0.09669763242
1986	0.09669439833
1987	0.09668175154
1988	0.09667047174
1989	0.09666070174
1990	0.09664291468
1991	0.09662542806
1992	0.09660634561
1993	0.09660260149
1994	0.09658981036
1995	0.09657675902
1996	0.09656389688
1997	0.09655289699
1998	0.09654254877
1999	0.09652767475
2000	0.09652372247
2001	0.09652036833
2002	0.09651710297
2003	0.09650289626
2004	0.09648968501
2005	0.09648587366
2006	0.09648262589
2007	0.09645679042
2008	0.09644441159
2009	0.09643370958
2010	0.09642143213
2011	0.09640612553
2012	0.09640236698
2013	0.09639780347
2014	0.09639457925
2015	0.09639085695
2016	0.09638754872
2017	0.09638422009
2018	0.09637001478
2019	0.09635786672
2020	0.09634936703
2021	0.09634092044
2022	0.09632161103
2023	0.09631782418
2024	0.09630056481
2025	0.09629144228
2026	0.09627867582
2027	0.09627539737
2028	0.09625635662
2029	0.09624815006
2030	0.09623909464
2031	0.09623535323
2032	0.09623209482
2033	0.09621462232
2034	0.09619424825
2035	0.09619111862
2036	0.09617567666
2037	0.09616168659
2038	0.09614978504
2039	0.09612748888
2040	0.0961108653
2041	0.09610787647
2042	0.09610476326
2043	0.09608935345
2044	0.09608612663
2045	0.09607478947
2046	0.09605651929
2047	0.09604746623
2048	0.09604391588
2049	0.09603482412
2050	0.09601266683
2051	0.09599361551
2052	0.09597637725
2053	0.09596145985
2054	0.09594971924
2055	0.09593699412
2056	0.09592359488
2057	0.09592054652
2058	0.0959064542
2059	0.09590340946
2060	0.09588524314
2061	0.09587361429
2062	0.09586137122
2063	0.0958525045
2064	0.09584890459
2065	0.09583108632
2066	0.09582806666
2067	0.09581398341
2068	0.09581109619
2069	0.09580027729
2070	0.09579683366
2071	0.09579383681
2072	0.0957912582
2073	0.09578827693
2074	0.09576909371
2075	0.09575412147
2076	0.09575087269
2077	0.09573612636
2078	0.09572590544
2079	0.09572290384
2080	0.09571219489
2081	0.09570910333
2082	0.09568979451
2083	0.0956867239
2084	0.09568322187
2085	0.09566994794
2086	0.09565494877
2087	0.09563969012
2088	0.0956260552
2089	0.09561204641
2090	0.09560019579
2091	0.09559714396
2092	0.09557962894
2093	0.09555962855
2094	0.09554796174
2095	0.09553418797
2096	0.0955204845
2097	0.09550834639
2098	0.09550543114
2099	0.09548934833
2100	0.09548109401
2101	0.09547457064
2102	0.09546252007
2103	0.09544860912
2104	0.09544583201
2105	0.09542967823
2106	0.0954267862
2107	0.09541537346
2108	0.09541262552
2109	0.09539845441
2110	0.09539504137
2111	0.09538097579
2112	0.0953775803
2113	0.0953635294
2114	0.09535989496
2115	0.09535690799
2116	0.09535392836
2117	0.09535095878
2118	0.09534826177
2119	0.09534492061
2120	0.09532812438
2121	0.09531349658
2122	0.09530181596
2123	0.09529109193
2124	0.09527862278
2125	0.09527580579
2126	0.09526259087
2127	0.09525950074
2128	0.09524482276
2129	0.09524202048
2130	0.09522727793
2131	0.09522435228
2132	0.09521448419
2133	0.09521169792
2134	0.09520889257
2135	0.09519875465
2136	0.0951849242
2137	0.09517231114
2138	0.0951597624
2139	0.09515698916
2140	0.09514521891
2141	0.09513041288
2142	0.09511596807
2143	0.09511320754
2144	0.09509802201
2145	0.09508596702
2146	0.09508334783
2147	0.09506773032
2148	0.09506498013
2149	0.09504470642
2150	0.09504210629
2151	0.09502485253
2152	0.0950143787
2153	0.09501165531
2154	0.09499731599
2155	0.09498265609
2156	0.09497965831
2157	0.09496314758
2158	0.09494567031
2159	0.0949314809
2160	0.09492825473
2161	0.09492540318
2162	0.09490821605
2163	0.09489491427
2164	0.09488479769
2165	0.09486497504
2166	0.09485103441
2167	0.09484830736
2168	0.09483445471
2169	0.09481684127
2170	0.09480676114
2171	0.09478776163
2172	0.09476785117
2173	0.0947566661
2174	0.09474235677
2175	0.09472555149
2176	0.09472287063
2177	0.09471437813
2178	0.09470038442
2179	0.09468608912
2180	0.09466832136
2181	0.09466550165
2182	0.09465769402
2183	0.09464049927
2184	0.09462839848
2185	0.09462573631
2186	0.09461343084
2187	0.09461064018
2188	0.09459637132
2189	0.09459359081
2190	0.09458156576
2191	0.09456598112
2192	0.09455339416
2193	0.09455075863
2194	0.09454762124
2195	0.09453636281
2196	0.09452545803
2197	0.09451678334
2198	0.09450539917
2199	0.09448994744
2200	0.09447722292
2201	0.09447424786
2202	0.09446147183
2203	0.09444757235
2204	0.09443401163
2205	0.09443105201
2206	0.09441777864
2207	0.0944043559
2208	0.09439168414
2209	0.09438893841
2210	0.09437596345
2211	0.09436120787
2212	0.09434991686
2213	0.09433950204
2214	0.09432441086
2215	0.09432133732
2216	0.09431845341
2217	0.09430079421
2218	0.09429819978
2219	0.09428702683
2220	0.09427248786
2221	0.09425941781
2222	0.09425683038
2223	0.0942443575
2224	0.09424178274
2225	0.09422954912
2226	0.09422013887
2227	0.09420774335
2228	0.09419097339
2229	0.0941789482
2230	0.09416191985
2231	0.09414822711
2232	0.0941367344
2233	0.09413417518
2234	0.0941211699
2235	0.0941082489
2236	0.0940976291
2237	0.09408884084
2238	0.09407575328
2239	0.09406186379
2240	0.09404811454
2241	0.09404570555
2242	0.09403769044
2243	0.09403515636
2244	0.09403261663
2245	0.0940173299
2246	0.09400484361
2247	0.0939967466
2248	0.09399470032
2249	0.09398196803
2250	0.09396515956
2251	0.0939541491
2252	0.09393906814
2253	0.09392695698
2254	0.09390803694
2255	0.09388961073
2256	0.09388695867
2257	0.09387473602
2258	0.09386416602
2259	0.09385187698
2260	0.09384922755
2261	0.09383094478
2262	0.09381493793
2263	0.09381257586
2264	0.09380994945
2265	0.09379740223
2266	0.09378726548
2267	0.09377355791
2268	0.0937710909
2269	0.09375841331
2270	0.09374454206
2271	0.09373092467
2272	0.09371674466
2273	0.09370318686
2274	0.09369062166
2275	0.09368861517
2276	0.09367676629
2277	0.09366323165
2278	0.09365389839
2279	0.09364240414
2280	0.09363981203
2281	0.09363721811
2282	0.09361906862
2283	0.09360934924
2284	0.09359681325
2285	0.09358700109
2286	0.09357353861
2287	0.0935619424
2288	0.09354884259
2289	0.09353741494
2290	0.09352445041
2291	0.09351418743
2292	0.09350700656
2293	0.09349657788
2294	0.09349399271
2295	0.09348124604
2296	0.09346593196
2297	0.09345195284
2298	0.09343985407
2299	0.0934280919
2300	0.09341476139
2301	0.09340328476
2302	0.09339038187
2303	0.09337462118
2304	0.09336372468
2305	0.09334635418
2306	0.09333951536
2307	0.09332582233
2308	0.09331817068
2309	0.09331573426
2310	0.09330393053
2311	0.09328814637
2312	0.09327390991
2313	0.09326076685
2314	0.09324990387
2315	0.09323916746
2316	0.09322834924
2317	0.09321275199
2318	0.09320163743
2319	0.09319202611
2320	0.09318962344
2321	0.09317748212
2322	0.0931747903
2323	0.0931625675
2324	0.09314482033
2325	0.09313257432
2326	0.09311852917
2327	0.09310395987
2328	0.09310202571
2329	0.09310009906
2330	0.09308880124
2331	0.09307572666
2332	0.09306379861
2333	0.09305221402
2334	0.0930414558
2335	0.09302949207
2336	0.09301844093
2337	0.09300437732
2338	0.09299352355
2339	0.09298401826
2340	0.09297049494
2341	0.09295632782
2342	0.09294651227
2343	0.09293133215
2344	0.09291846993
2345	0.09290650785
2346	0.09288403768
2347	0.09287144078
2348	0.09285896618
2349	0.09284834244
2350	0.09283805117
2351	0.09282464494
2352	0.09281490437
2353	0.09279823552
2354	0.09278081457
2355	0.09277155332
2356	0.09276304136
2357	0.09274971054
2358	0.09273242638
2359	0.09271870388
2360	0.09271634037
2361	0.09270106876
2362	0.09269016155
2363	0.0926882758
2364	0.09268592388
2365	0.09267837168
2366	0.09266792432
2367	0.09265860338
2368	0.09264690254
2369	0.09264456225
2370	0.09262703696
2371	0.09261410289
2372	0.09260173809
2373	0.09258986356
2374	0.09257904044
2375	0.09257670418
2376	0.09256544421
2377	0.09255290116
2378	0.09253901976
2379	0.09252598607
2380	0.09251722067
2381	0.09250504306
2382	0.09249432518
2383	0.09248555957
2384	0.09247086812
2385	0.09246024561
2386	0.0924475202
2387	0.09243592641
2388	0.09242521102
2389	0.09241300498
2390	0.09239709035
2391	0.09237702195
2392	0.09236682649
2393	0.0923471646
2394	0.0923332958
2395	0.09232124109
2396	0.09231151967
2397	0.09230289024
2398	0.09228983501
2399	0.09227828829
2400	0.09226203891
2401	0.0922511945
2402	0.09224088457
2403	0.0922301263
2404	0.09222013545
2405	0.09220852857
2406	0.09220655056
2407	0.09220022067
2408	0.0921885311
2409	0.0921780971
2410	0.09216677778
2411	0.09216480826
2412	0.09215271044
2413	0.09214070023
2414	0.0921256869
2415	0.09211786382
2416	0.09210834531
2417	0.09209750082
2418	0.09209554218
2419	0.09208373114
2420	0.09207688414
2421	0.09206215698
2422	0.09205259135
2423	0.09203796726
2424	0.09202643278
2425	0.09201551603
2426	0.09201364715
2427	0.09199868733
2428	0.09198964755
2429	0.09197734282
2430	0.09196980283
2431	0.0919683806
2432	0.09195966785
2433	0.0919477809
2434	0.09193926691
2435	0.09192661831
2436	0.09191491413
2437	0.09190699557
2438	0.09189483829
2439	0.09188103826
2440	0.09187107749
2441	0.09185664625
2442	0.09184720959
2443	0.09183467424
2444	0.09182334498
2445	0.09181629849
2446	0.09180563555
2447	0.09179475826
2448	0.09178097796
2449	0.09176900414
2450	0.09175437723
2451	0.09175244868
2452	0.09174554174
2453	0.09174377657
2454	0.09174186215
2455	0.09173248392
2456	0.09172030707
2457	0.09171185432
2458	0.09170040241
2459	0.0916859043
2460	0.09167254236
2461	0.09165833354
2462	0.09165642695
2463	0.09164577266
2464	0.09163141326
2465	0.09162017595
2466	0.09160905897
2467	0.09159654419
2468	0.09158613319
2469	0.09157251482
2470	0.09156154219
2471	0.0915504245
2472	0.0915406929
2473	0.09152965633
2474	0.09152042235
2475	0.09151887456
2476	0.09151697939
2477	0.09151509076
2478	0.09150374256
2479	0.09149210287
2480	0.09147964668
2481	0.09146051872
2482	0.09145104673
2483	0.09143952997
2484	0.09142892956
2485	0.09141774467
2486	0.09141587386
2487	0.09140490068
2488	0.0913931817
2489	0.09137912361
2490	0.09137726199
2491	0.09137044841
2492	0.09135874026
2493	0.09135688437
2494	0.09134696765
2495	0.0913363501
2496	0.09131740803
2497	0.09130766165
2498	0.091295647
2499	0.09128743587
2500	0.09127661025
2501	0.09126016293
2502	0.09124931715
2503	0.09124004524
2504	0.09123104616
2505	0.09121732287
2506	0.091196427
2507	0.09118447262
2508	0.09117360837
2509	0.09116551409
2510	0.09114926167
2511	0.09114775267
2512	0.0911377767
2513	0.09112372102
2514	0.09111018423
2515	0.09109835056
2516	0.0910965192
2517	0.09108531088
2518	0.09107582464
2519	0.09106628767
2520	0.09105462492
2521	0.0910433327
2522	0.09103472929
2523	0.09102351837
2524	0.09101208322
2525	0.09100093413
2526	0.09099202522
2527	0.09098055101
2528	0.09095989208
2529	0.09094663266
2530	0.0909360195
2531	0.09092197147
2532	0.09091341506
2533	0.09090593345
2534	0.0908873388
2535	0.09087465172
2536	0.09087026018
2537	0.09086844485
2538	0.09085920219
2539	0.09084925161
2540	0.09083727025
2541	0.09082762626
2542	0.09081359506
2543	0.09079967907
2544	0.0907980259
2545	0.09078696184
2546	0.09077606505
2547	0.09076759576
2548	0.09075633923
2549	0.09074658501
2550	0.09073484495
2551	0.09072100788
2552	0.09071230235
2553	0.09069810138
2554	0.09068977469
2555	0.09067496423
2556	0.09066388659
2557	0.09065073031
2558	0.09063829467
2559	0.09062905531
2560	0.09061769153
2561	0.09060856215
2562	0.09059942436
2563	0.09058989549
2564	0.09057985851
2565	0.09056940822
2566	0.09056794264
2567	0.09055660621
2568	0.09054290257
2569	0.09053227358
2570	0.09052317889
2571	0.09051166746
2572	0.0905000567
2573	0.09048873722
2574	0.09047756575
2575	0.09046537976
2576	0.09045604659
2577	0.09044561057
2578	0.09043499961
2579	0.09043354046
2580	0.09042542456
2581	0.09041177198
2582	0.0904008921
2583	0.09039912477
2584	0.09039296869
2585	0.09038292083
2586	0.0903750009
2587	0.09037355731
2588	0.09036001367
2589	0.09034980159
2590	0.09034094852
2591	0.09033353587
2592	0.09032338728
2593	0.09031242273
2594	0.09030081792
2595	0.09028660075
2596	0.09027718399
2597	0.09026435854
2598	0.09025144872
2599	0.0902406092
2600	0.09023146144
2601	0.0902213155
2602	0.09020905975
2603	0.09019974144
2604	0.0901882238
2605	0.09018647218
2606	0.09017474595
2607	0.09016131701
2608	0.09015204746
2609	0.09014441386
2610	0.09013354859
2611	0.09012488919
2612	0.09011140387
2613	0.09009803135
2614	0.0900825863
2615	0.09007072566
2616	0.09005963061
2617	0.09004934072
2618	0.09003900085
2619	0.09002758366
2620	0.0900182103
2621	0.09000746041
2622	0.08999875229
2623	0.08998964704
2624	0.08997516309
2625	0.08996654453
2626	0.08996495826
2627	0.08995511028
2628	0.08995353027
2629	0.08994233012
2630	0.08994018122
2631	0.08993845765
2632	0.0899284399
2633	0.08991747016
2634	0.08991575387
2635	0.08990466001
2636	0.08990325591
2637	0.08989349301
2638	0.08988167548
2639	0.08986949981
2640	0.0898567507
2641	0.0898459989
2642	0.08983565919
2643	0.0898266237
2644	0.08981381373
2645	0.08980324145
2646	0.0897925583
2647	0.08977918641
2648	0.08976861566
2649	0.08975538013
2650	0.08973743397
2651	0.0897289893
2652	0.08971774282
2653	0.08970934908
2654	0.08970763928
2655	0.08969657849
2656	0.08968797123
2657	0.08968626624
2658	0.08967804476
2659	0.08966874749
2660	0.08965825449
2661	0.08964783312
2662	0.08964613341
2663	0.08963594082
2664	0.08962691169
2665	0.08961650255
2666	0.08960401068
2667	0.0895955678
2668	0.08958543185
2669	0.08957531173
2670	0.08957407309
2671	0.08956304894
2672	0.08955391489
2673	0.08954487216
2674	0.0895366458
2675	0.08952626842
2676	0.08951485455
2677	0.08950412115
2678	0.08949245623
2679	0.08948213462
2680	0.08948059962
2681	0.08946518269
2682	0.08944700697
2683	0.08943293639
2684	0.08942567057
2685	0.08941893506
2686	0.08941145457
2687	0.08939832085
2688	0.08938932733
2689	0.08937624086
2690	0.08936733621
2691	0.08935690713
2692	0.0893468603
2693	0.08933899236
2694	0.0893376099
2695	0.08932416511
2696	0.08931407345
2697	0.0893128459
2698	0.08931117364
2699	0.08930950712
2700	0.08929887751
2701	0.08928785146
2702	0.08928398838
2703	0.08927421636
2704	0.08926402045
2705	0.0892515241
2706	0.08924154979
2707	0.08923142818
2708	0.0892223127
2709	0.08921298916
2710	0.08920582915
2711	0.0891921433
2712	0.08918214828
2713	0.08917502835
2714	0.08916334551
2715	0.08915410753
2716	0.08914442198
2717	0.08913267209
2718	0.08912330848
2719	0.08911273766
2720	0.08910144413
2721	0.08910007933
2722	0.08909842601
2723	0.08908854745
2724	0.089078004
2725	0.08906478037
2726	0.08905478244
2727	0.0890409244
2728	0.08902959237
2729	0.08901955389
2730	0.08900836297
2731	0.08899856911
2732	0.08899292407
2733	0.08898073803
2734	0.08897938478
2735	0.08896805003
2736	0.08895780095
2737	0.08894359179
2738	0.08893657541
2739	0.08892787375
2740	0.08891628371
2741	0.08890640914
2742	0.08889564988
2743	0.08888784466
2744	0.08887409406
2745	0.0888624313
2746	0.08885269118
2747	0.08884068559
2748	0.08883175479
2749	0.08882367619
2750	0.08881419299
2751	0.08880658394
2752	0.08879812648
2753	0.08878732307
2754	0.08877662879
2755	0.08876565408
2756	0.08875371557
2757	0.08875223393
2758	0.08874257427
2759	0.08873155276
2760	0.08873035931
2761	0.08872140603
2762	0.08871150349
2763	0.08871016138
2764	0.08870321887
2765	0.08869481433
2766	0.08867579171
2767	0.08867445272
2768	0.08866060641
2769	0.08865195713
2770	0.08864016452
2771	0.08863027032
2772	0.0886200329
2773	0.08861504628
2774	0.08860363517
2775	0.08859345865
2776	0.0885854345
2777	0.0885761874
2778	0.08855740215
2779	0.08854905953
2780	0.0885474456
2781	0.08853692058
2782	0.08852543609
2783	0.08851281268
2784	0.08850427857
2785	0.08849946954
2786	0.08848820986
2787	0.08848688265
2788	0.0884855594
2789	0.088474875
2790	0.08846252567
2791	0.08846120583
2792	0.08845038884
2793	0.0884407319
2794	0.08843130895
2795	0.0884188461
2796	0.08840852588
2797	0.0883979209
2798	0.08838942292
2799	0.08837908229
2800	0.088370103
2801	0.08836403686
2802	0.0883500665
2803	0.08833788923
2804	0.08832545178
2805	0.08831552334
2806	0.08830347663
2807	0.08829474014
2808	0.08828684793
2809	0.08827702154
2810	0.08826688965
2811	0.08825895406
2812	0.08825736078
2813	0.08824681181
2814	0.08823677949
2815	0.08822915011
2816	0.08822771553
2817	0.08822613207
2818	0.08821502127
2819	0.08820800525
2820	0.088198197
2821	0.08818806277
2822	0.08817969211
2823	0.08816698666
2824	0.08816556406
2825	0.08815328303
2826	0.08814265189
2827	0.08813301549
2828	0.08812618421
2829	0.0881183427
2830	0.0881089884
2831	0.08810360929
2832	0.08809991555
2833	0.08808732203
2834	0.08807747167
2835	0.08806835242
2836	0.08805666841
2837	0.08804724847
2838	0.08804008213
2839	0.08803221338
2840	0.08802202379
2841	0.08801267884
2842	0.08800396101
2843	0.08799260892
2844	0.08797778776
2845	0.0879708828
2846	0.0879605508
2847	0.08795142055
2848	0.08794595967
2849	0.08794439667
2850	0.08793428491
2851	0.08793288373
2852	0.08792602048
2853	0.08791647268
2854	0.08790787034
2855	0.08789784078
2856	0.08788845542
2857	0.08787722278
2858	0.08786720849
2859	0.08786592972
2860	0.08785681222
2861	0.08784732172
2862	0.08783561818
2863	0.08781877212
2864	0.08780889554
2865	0.08779856496
2866	0.08779314706
2867	0.08778718539
2868	0.08777505934
2869	0.08777378509
2870	0.08776304428
2871	0.08775781122
2872	0.08775654148
2873	0.08774831454
2874	0.08774182852
2875	0.08773377077
2876	0.08772460166
2877	0.08770994426
2878	0.08770068522
2879	0.08768946721
2880	0.08768306524
2881	0.08767571113
2882	0.08766590919
2883	0.08765709781
2884	0.08764686945
2885	0.08763595172
2886	0.08762189928
2887	0.08761235852
2888	0.08760305938
2889	0.08759122043
2890	0.08758323566
2891	0.08757406939
2892	0.08756543428
2893	0.08755754141
2894	0.08754643449
2895	0.08753763947
2896	0.08753081842
2897	0.08752171843
2898	0.08751390918
2899	0.08751264781
2900	0.08750444861
2901	0.08750225983
2902	0.08749259448
2903	0.0874835955
2904	0.08747231799
2905	0.08746250991
2906	0.08745286821
2907	0.08744394774
2908	0.08743646937
2909	0.08742615905
2910	0.0874169667
2911	0.08740826831
2912	0.08740079991
2913	0.08739376582
2914	0.08738412275
2915	0.0873724101
2916	0.08736284606
2917	0.08736132553
2918	0.08736007847
2919	0.08735428423
2920	0.08734631711
2921	0.08733690319
2922	0.08732885069
2923	0.08731987035
2924	0.08730548877
2925	0.08729616089
2926	0.08728689322
2927	0.08728038095
2928	0.08727310654
2929	0.0872612343
2930	0.08725999576
2931	0.08725876092
2932	0.08725202993
2933	0.08724455449
2934	0.08723532006
2935	0.0872235402
2936	0.08721643039
2937	0.08721086556
2938	0.08720451799
2939	0.0871999732
2940	0.08719847935
2941	0.08718670326
2942	0.08718108278
2943	0.08717193326
2944	0.08716033163
2945	0.08715539075
2946	0.08714997487
2947	0.08714082388
2948	0.08713114723
2949	0.08712196939
2950	0.08711220941
2951	0.08710062661
2952	0.0870890322
2953	0.08707938715
2954	0.08706887508
2955	0.08706054301
2956	0.08705417867
2957	0.08704415287
2958	0.0870353043
2959	0.0870251303
2960	0.0870139828
2961	0.08700297249
2962	0.08699519101
2963	0.08698421794
2964	0.08697084809
2965	0.08696936429
2966	0.08696045519
2967	0.08695273041
2968	0.08694197698
2969	0.08693264959
2970	0.08692205769
2971	0.08691213508
2972	0.08690353161
2973	0.08689394208
2974	0.08689246597
2975	0.08688093784
2976	0.08687156527
2977	0.08687009392
2978	0.08686001954
2979	0.08685514776
2980	0.08684742766
2981	0.08683538086
2982	0.08683432698
2983	0.08682243017
2984	0.08682096548
2985	0.08681311595
2986	0.08680473929
2987	0.08679685513
2988	0.08678782867
2989	0.08678662536
2990	0.08677761224
2991	0.08676942591
2992	0.08676005664
2993	0.08675793306
2994	0.08674928694
2995	0.08674314295
2996	0.08673160028
2997	0.08672298352
2998	0.08671300148
2999	0.08670419048
3000	0.08669289686
3001	0.08668865463
3002	0.08667995512
3003	0.08666963184
3004	0.08666843685
3005	0.08665755835
3006	0.08664595461
3007	0.0866351608
3008	0.08662694647
3009	0.08661842464
3010	0.08660891254
3011	0.08659945705
3012	0.08658540334
3013	0.08657484798
3014	0.08656636288
3015	0.08655827587
3016	0.08655056377
3017	0.08654113671
3018	0.08652973963
3019	0.08652425278
3020	0.08651267737
3021	0.08650361228
3022	0.08649464128
3023	0.08648827816
3024	0.08647792545
3025	0.08647187318
3026	0.08646190728
3027	0.0864556017
3028	0.08645416381
3029	0.08645297724
3030	0.08644540655
3031	0.08644397699
3032	0.0864425523
3033	0.08643121642
3034	0.08642446454
3035	0.08642328773
3036	0.08641365789
3037	0.08640695681
3038	0.08639962503
3039	0.08638851225
3040	0.08638749309
3041	0.08638083134
3042	0.08637296949
3043	0.08637180011
3044	0.08636212046
3045	0.08635373792
3046	0.08634352045
3047	0.08633584793
3048	0.08632447906
3049	0.08632331636
3050	0.08631635622
3051	0.08630623511
3052	0.08630491322
3053	0.0862961693
3054	0.0862869107
3055	0.08628094
3056	0.08627061245
3057	0.08626068384
3058	0.08624948181
3059	0.0862370376
3060	0.08623536953
3061	0.08622771002
3062	0.08621547693
3063	0.08620429407
3064	0.08619500695
3065	0.08618662072
3066	0.08618546674
3067	0.08617530504
3068	0.08616550692
3069	0.08615780192
3070	0.08614759454
3071	0.08613960857
3072	0.08612936372
3073	0.08612821571
3074	0.08611245182
3075	0.08611130627
3076	0.08610221115
3077	0.08609451214
3078	0.0860868149
3079	0.08607605609
3080	0.08607013315
3081	0.08605889113
3082	0.08604925425
3083	0.08603920592
3084	0.08603026898
3085	0.08601794431
3086	0.08601107567
3087	0.08600321894
3088	0.08599330989
3089	0.08598231132
3090	0.08597847252
3091	0.08597733511
3092	0.0859761082
3093	0.08596700711
3094	0.08595676134
3095	0.08594694868
3096	0.08593798621
3097	0.0859293067
3098	0.08592800588
3099	0.08591917922
3100	0.0859106749
3101	0.08589832095
3102	0.08589719326
3103	0.08588614383
3104	0.08587796737
3105	0.08587054931
3106	0.08586054839
3107	0.08585370723
3108	0.08584681112
3109	0.08584568549
3110	0.08583461224
3111	0.08582855829
3112	0.08581419987
3113	0.08581045006
3114	0.08580184515
3115	0.0857958374
3116	0.08579270353
3117	0.08578358163
3118	0.0857768108
3119	0.08577545245
3120	0.08576975317
3121	0.08576839926
3122	0.08575985849
3123	0.08574876597
3124	0.08574310001
3125	0.0857338293
3126	0.0857240043
3127	0.08571412467
3128	0.08570534782
3129	0.08569695799
3130	0.08568882803
3131	0.08568136765
3132	0.085674029
3133	0.08566533017
3134	0.08565775429
3135	0.08565231804
3136	0.0856430842
3137	0.08563248814
3138	0.0856249878
3139	0.08561884661
3140	0.08561740178
3141	0.08560640549
3142	0.08560067882
3143	0.08558974267
3144	0.08557889875
3145	0.08556956512
3146	0.0855597266
3147	0.08555228565
3148	0.08555070219
3149	0.0855434389
3150	0.08553781741
3151	0.08553647954
3152	0.08553109094
3153	0.08552459199
3154	0.08551751465
3155	0.08551159994
3156	0.08550176492
3157	0.08549529283
3158	0.08548970206
3159	0.08548332032
3160	0.08547788665
3161	0.0854683054
3162	0.08545995281
3163	0.08545017755
3164	0.08544324674
3165	0.08543700812
3166	0.08543041772
3167	0.08542144071
3168	0.08541485898
3169	0.0854062502
3170	0.08540515655
3171	0.08539785441
3172	0.08538882374
3173	0.08537837275
3174	0.08536875725
3175	0.08536766666
3176	0.08536045549
3177	0.08535254562
3178	0.08534378629
3179	0.08533509094
3180	0.08532944756
3181	0.08532114561
3182	0.08531398281
3183	0.08530577608
3184	0.08529873866
3185	0.08529054775
3186	0.0852893776
3187	0.08528041824
3188	0.08527322968
3189	0.0852641639
3190	0.08525453086
3191	0.08524469665
3192	0.08523421841
3193	0.08523267303
3194	0.08522193214
3195	0.08521626866
3196	0.0852046049
3197	0.08519717755
3198	0.08519081314
3199	0.08518285269
3200	0.08518154088
3201	0.08517437558
3202	0.085163224
3203	0.08515129072
3204	0.08514390899
3205	0.08513566893
3206	0.08512527886
3207	0.08511579044
3208	0.0851140403
3209	0.08510514388
3210	0.08510383998
3211	0.08509429114
3212	0.08509322126
3213	0.08508367643
3214	0.0850760904
3215	0.08507057084
3216	0.085065117
3217	0.08505566457
3218	0.08504648939
3219	0.08503474215
3220	0.08502289097
3221	0.08500642282
3222	0.08499058878
3223	0.08498066974
3224	0.08497002422
3225	0.08496316607
3226	0.08496201815
3227	0.08495360878
3228	0.08494321539
3229	0.08493543791
3230	0.08492878678
3231	0.08492007982
3232	0.08491879076
3233	0.08490602933
3234	0.08489825038
3235	0.08488637589
3236	0.08487817978
3237	0.08487099224
3238	0.08486465012
3239	0.08485480212
3240	0.08484794284
3241	0.08484665993
3242	0.08483989322
3243	0.08483041315
3244	0.08482239429
3245	0.08481494411
3246	0.08480758663
3247	0.08479996238
3248	0.08479455266
3249	0.08478658918
3250	0.08478530988
3251	0.08477836556
3252	0.08476971727
3253	0.08476314671
3254	0.08475387098
3255	0.08474773103
3256	0.08474501001
3257	0.08474107425
3258	0.08473957109
3259	0.08473312138
3260	0.08472486391
3261	0.0847139894
3262	0.08470757019
3263	0.0846979841
3264	0.08468858413
3265	0.08468322118
3266	0.08467698728
3267	0.08466656424
3268	0.08464747933
3269	0.08464011677
3270	0.08463237186
3271	0.08463039843
3272	0.08462081524
3273	0.08461546404
3274	0.08460424327
3275	0.08460044185
3276	0.08459215665
3277	0.08458521921
3278	0.08458417414
3279	0.08457631585
3280	0.08456854449
3281	0.08455691167
3282	0.08455160219
3283	0.08454366925
3284	0.08453435268
3285	0.08452720339
3286	0.08452137981
3287	0.0845107129
3288	0.08450584698
3289	0.08450045611
3290	0.08449486963
3291	0.08448529038
3292	0.08447915513
3293	0.0844719344
3294	0.08446224935
3295	0.08445689448
3296	0.08445557176
3297	0.08444960342
3298	0.08443912484
3299	0.08443080874
3300	0.08442265787
3301	0.08441656415
3302	0.08440635963
3303	0.08440509809
3304	0.08439582984
3305	0.08438617142
3306	0.08437820251
3307	0.08437079976
3308	0.08436321301
3309	0.08435388143
3310	0.08434768853
3311	0.0843390017
3312	0.08433206448
3313	0.08432283952
3314	0.08431425731
3315	0.08430687008
3316	0.08430400072
3317	0.08429741337
3318	0.0842951314
3319	0.08428448245
3320	0.08427824837
3321	0.08426809801
3322	0.08426042295
3323	0.08425917389
3324	0.08425185243
3325	0.08424183022
3326	0.08423487936
3327	0.08422568157
3328	0.08421762477
3329	0.08420690249
3330	0.08419889872
3331	0.08418794382
3332	0.08418691381
3333	0.08418588687
3334	0.0841846512
3335	0.08417686736
3336	0.08416358044
3337	0.08415991249
3338	0.08415175331
3339	0.08414434116
3340	0.08413629354
3341	0.08412942333
3342	0.08411927433
3343	0.08410859374
3344	0.08410219762
3345	0.08409421299
3346	0.08408562433
3347	0.08407510251
3348	0.08406710818
3349	0.08405898182
3350	0.08404987731
3351	0.0840413353
3352	0.08403218453
3353	0.08402153623
3354	0.08401840213
3355	0.08400798
3356	0.08399983765
3357	0.08399317247
3358	0.0839862908
3359	0.08397794902
3360	0.08396202104
3361	0.08395437163
3362	0.08394703023
3363	0.08393864925
3364	0.08393342685
3365	0.08393240787
3366	0.08392882974
3367	0.08391303294
3368	0.08390271342
3369	0.08389359385
3370	0.08389247304
3371	0.08388250476
3372	0.08387825729
3373	0.08387724382
3374	0.08386880803
3375	0.08386387785
3376	0.08385765963
3377	0.08385063317
3378	0.08384962372
3379	0.08384861725
3380	0.08384264902
3381	0.08383775299
3382	0.08383155837
3383	0.08382623425
3384	0.08381947825
3385	0.08381358182
3386	0.08380418213
3387	0.08379804266
3388	0.08379207423
3389	0.0837837552
3390	0.08377691797
3391	0.08377105884
3392	0.08376204629
3393	0.08376104071
3394	0.08375392063
3395	0.08374748417
3396	0.08374068459
3397	0.08373477139
3398	0.08372946787
3399	0.08371922479
3400	0.08371322898
3401	0.08371177962
3402	0.08371078108
3403	0.08370414624
3404	0.08370315051
3405	0.08369589086
3406	0.08368231477
3407	0.08367345535
3408	0.08366687318
3409	0.08366588018
3410	0.08366489011
3411	0.08365979281
3412	0.08365473261
3413	0.08364568068
3414	0.08363480412
3415	0.08362821661
3416	0.08362330576
3417	0.08362003001
3418	0.08360806782
3419	0.08359942033
3420	0.08359040097
3421	0.08358253034
3422	0.08357927558
3423	0.08357326188
3424	0.08356448132
3425	0.08355870911
3426	0.0835491136
3427	0.08353875324
3428	0.08353077234
3429	0.08352405893
3430	0.08352066496
3431	0.08351414414
3432	0.08350591099
3433	0.08350237932
3434	0.08349590467
3435	0.08349093922
3436	0.0834827847
3437	0.08347650228
3438	0.08347078343
3439	0.0834601032
3440	0.08345445047
3441	0.08344376898
3442	0.08343625697
3443	0.08342926686
3444	0.0834265671
3445	0.08341967105
3446	0.08341868466
3447	0.08340974692
3448	0.08340366417
3449	0.08340257912
3450	0.08339613807
3451	0.08338534505
3452	0.08337612135
3453	0.08337093281
3454	0.08336331421
3455	0.08335444361
3456	0.08334885768
3457	0.08333334657
3458	0.08332854182
3459	0.0833174689
3460	0.08331185743
3461	0.08330583747
3462	0.08329298555
3463	0.08329016775
3464	0.08328284379
3465	0.08327827226
3466	0.08326995959
3467	0.08326106493
3468	0.08325325082
3469	0.08324440803
3470	0.08323410068
3471	0.08323298431
3472	0.0832253715
3473	0.08322453009
3474	0.08321427658
3475	0.08320448441
3476	0.08319383235
3477	0.08318936418
3478	0.08317838635
3479	0.08317727527
3480	0.08316681358
3481	0.08316211274
3482	0.08315528718
3483	0.08314714865
3484	0.08314220703
3485	0.08313217008
3486	0.08312756471
3487	0.08311992521
3488	0.08310970167
3489	0.08310844518
3490	0.08310209138
3491	0.08309736732
3492	0.08309357167
3493	0.08308723518
3494	0.08307997905
3495	0.083072072
3496	0.08306034945
3497	0.08305487137
3498	0.0830483228
3499	0.08304235607
3500	0.08303321089
3501	0.08302651767
3502	0.08301830353
3503	0.08301201435
3504	0.0830018626
3505	0.08299705409
3506	0.08298987981
3507	0.08298018079
3508	0.0829730422
3509	0.08296645332
3510	0.08296100149
3511	0.08295246695
3512	0.08294794174
3513	0.08293758034
3514	0.08293623423
3515	0.08292826469
3516	0.08292210641
3517	0.08292113614
3518	0.08291114773
3519	0.08290328383
3520	0.08289876568
3521	0.08289402497
3522	0.0828893188
3523	0.08288835252
3524	0.082882346
3525	0.0828792195
3526	0.0828781716
3527	0.08286516973
3528	0.08286172656
3529	0.08286040788
3530	0.08284557308
3531	0.08284080539
3532	0.08283616032
3533	0.08282624788
3534	0.08281663024
3535	0.08281279828
3536	0.08280364467
3537	0.08279496355
3538	0.08278889504
3539	0.08277623076
3540	0.08276212037
3541	0.08275684007
3542	0.08274874665
3543	0.08274130547
3544	0.08273545792
3545	0.08272749575
3546	0.08272221625
3547	0.08271882668
3548	0.08271414096
3549	0.08270801468
3550	0.08270576859
3551	0.08269596713
3552	0.08269291177
3553	0.08268425659
3554	0.08267528757
3555	0.08267433404
3556	0.08266412308
3557	0.08265441097
3558	0.0826467053
3559	0.08264232105
3560	0.08262798808
3561	0.08261851402
3562	0.08261253121
3563	0.08259789674
3564	0.08258682531
3565	0.08257261209
3566	0.08257147338
3567	0.08256256146
3568	0.08255819834
3569	0.08254555022
3570	0.08253669682
3571	0.08253412383
3572	0.08252452113
3573	0.082519981
3574	0.08251908608
3575	0.0825106481
3576	0.08250952446
3577	0.08250518904
3578	0.08249566083
3579	0.08248293477
3580	0.08246647605
3581	0.08245909384
3582	0.08245334188
3583	0.08244659659
3584	0.08243955027
3585	0.08243088548
3586	0.08242500668
3587	0.08242395734
3588	0.08241654631
3589	0.08241063886
3590	0.08239741859
3591	0.08239314275
3592	0.08238287034
3593	0.08237267515
3594	0.08237165441
3595	0.08236225596
3596	0.08235242302
3597	0.08234501675
3598	0.08234053227
3599	0.08232980725
3600	0.08231879643
3601	0.08231421942
3602	0.08231312503
3603	0.08230535526
3604	0.08229695102
3605	0.08229423115
3606	0.08228702997
3607	0.08227785077
3608	0.08227273181
3609	0.08225906852
3610	0.08225812722
3611	0.08225020985
3612	0.0822422603
3613	0.08223472123
3614	0.08223309141
3615	0.08222612388
3616	0.08222511838
3617	0.08222219751
3618	0.08221211071
3619	0.08221109594
3620	0.08220309919
3621	0.08219379061
3622	0.08218716426
3623	0.08217583474
3624	0.08217142317
3625	0.0821669383
3626	0.08215962423
3627	0.08215694339
3628	0.08214839653
3629	0.08214402189
3630	0.08213349209
3631	0.08212506242
3632	0.08211583781
3633	0.08210605179
3634	0.08209776171
3635	0.08209271864
3636	0.08208307719
3637	0.08208200786
3638	0.08207827947
3639	0.08207101005
3640	0.0820666695
3641	0.08205832889
3642	0.08205071228
3643	0.08204031501
3644	0.08203331804
3645	0.08202680889
3646	0.08201573096
3647	0.08201142094
3648	0.0820023514
3649	0.08199231467
3650	0.08198682464
3651	0.08197885859
3652	0.0819755803
3653	0.08196766732
3654	0.0819613311
3655	0.08195180652
3656	0.08194237344
3657	0.08193167764
3658	0.0819223834
3659	0.08191421427
3660	0.08190690065
3661	0.08189567724
3662	0.08188849139
3663	0.08187836423
3664	0.08187276214
3665	0.08187183587
3666	0.08186770467
3667	0.08186344761
3668	0.08185248122
3669	0.0818438731
3670	0.08183658934
3671	0.08183016398
3672	0.08182932296
3673	0.08181712339
3674	0.08180815325
3675	0.08179978834
3676	0.0817960944
3677	0.08178899998
3678	0.08178802824
3679	0.0817762687
3680	0.08177099541
3681	0.08176505611
3682	0.08175875631
3683	0.08175778749
3684	0.08175096305
3685	0.08174527511
3686	0.08174278879
3687	0.08173681461
3688	0.08173260275
3689	0.08172765421
3690	0.08172441559
3691	0.08172120668
3692	0.08172022753
3693	0.08171374453
3694	0.08170697271
3695	0.08169876124
3696	0.08168589703
3697	0.08167696033
3698	0.0816670663
3699	0.08165798095
3700	0.08164716033
3701	0.08164228626
3702	0.08163235227
3703	0.08161762926
3704	0.0816109775
3705	0.08160193679
3706	0.08159171751
3707	0.08158045394
3708	0.08157299348
3709	0.08156401848
3710	0.08155322492
3711	0.08154345098
3712	0.08153203096
3713	0.08152428028
3714	0.08151778465
3715	0.08151263825
3716	0.08149998595
3717	0.08149903332
3718	0.08149205833
3719	0.08148353011
3720	0.08147558662
3721	0.08147467853
3722	0.0814608519
3723	0.08145143632
3724	0.08144543254
3725	0.08144452705
3726	0.08143305487
3727	0.08143033563
3728	0.08142070166
3729	0.081414819
3730	0.08140758442
3731	0.08139821032
3732	0.08139406371
3733	0.08138956666
3734	0.0813802316
3735	0.08136662143
3736	0.08135959078
3737	0.08135364116
3738	0.0813440864
3739	0.08133567808
3740	0.08132996414
3741	0.08132173011
3742	0.08130986063
3743	0.08130411837
3744	0.08129903955
3745	0.08129813745
3746	0.08129723801
3747	0.08129125906
3748	0.08128319293
3749	0.08128225895
3750	0.081273334
3751	0.08127243852
3752	0.08127150929
3753	0.08127058345
3754	0.08126086023
3755	0.08125300501
3756	0.08124563242
3757	0.08124025183
3758	0.08123454192
3759	0.0812271297
3760	0.08121699229
3761	0.08120899003
3762	0.08120798106
3763	0.08120038465
3764	0.08119261662
3765	0.08117963635
3766	0.08117160322
3767	0.08116392465
3768	0.08115782338
3769	0.08115098746
3770	0.08114211358
3771	0.08113247331
3772	0.08112776815
3773	0.08112291015
3774	0.08111866752
3775	0.08111166527
3776	0.08110127875
3777	0.08109334655
3778	0.08108559648
3779	0.08108158822
3780	0.08107453042
3781	0.08106532888
3782	0.08105099374
3783	0.08104302898
3784	0.08103655777
3785	0.08103090801
3786	0.08102292298
3787	0.08102203504
3788	0.08101890646
3789	0.08101104349
3790	0.0810045122
3791	0.0809952448
3792	0.08098775224
3793	0.0809816834
3794	0.08097657187
3795	0.0809669321
3796	0.08095975024
3797	0.08095495536
3798	0.08094225039
3799	0.08093113552
3800	0.0809230057
3801	0.0809167334
3802	0.08090429665
3803	0.0808987084
3804	0.0808977921
3805	0.08089666761
3806	0.08088945208
3807	0.08088864051
3808	0.08087913084
3809	0.08086975839
3810	0.08086583715
3811	0.08085815368
3812	0.08085724414
3813	0.08084836264
3814	0.08084452638
3815	0.08083761473
3816	0.08083028025
3817	0.08081611477
3818	0.08081511911
3819	0.08080850938
3820	0.08080137416
3821	0.08079215286
3822	0.08078739139
3823	0.080785909
3824	0.08077185175
3825	0.08076777574
3826	0.08076214439
3827	0.08075892702
3828	0.08074732283
3829	0.08074395307
3830	0.08073361478
3831	0.08072720663
3832	0.08072467944
3833	0.08072378372
3834	0.0807228025
3835	0.08071461433
3836	0.08071242482
3837	0.0806989514
3838	0.08069143712
3839	0.08068303141
3840	0.08067407988
3841	0.08066797959
3842	0.08066709286
3843	0.08065920976
3844	0.08065811874
3845	0.08065204786
3846	0.08064663275
3847	0.08063997009
3848	0.08063488429
3849	0.08062511716
3850	0.08061928163
3851	0.08061840173
3852	0.08060987327
3853	0.0806020347
3854	0.08059576293
3855	0.08059187313
3856	0.08058463401
3857	0.08058375665
3858	0.08057923498
3859	0.08057246683
3860	0.08056721739
3861	0.08056065663
3862	0.08055325004
3863	0.080546729
3864	0.0805371361
3865	0.08053559118
3866	0.0805243828
3867	0.08052189374
3868	0.08051358555
3869	0.08050483339
3870	0.08049766519
3871	0.08048938145
3872	0.0804807593
3873	0.08047466263
3874	0.08046388774
3875	0.08045547358
3876	0.08045218027
3877	0.08044768184
3878	0.08043911618
3879	0.08042851771
3880	0.08041636267
3881	0.08040926573
3882	0.08040778465
3883	0.08040318143
3884	0.08039568869
3885	0.08038858023
3886	0.0803794477
3887	0.08037243119
3888	0.08036342628
3889	0.08035458621
3890	0.08034557006
3891	0.08033653589
3892	0.0803268492
3893	0.0803178221
3894	0.08030888159
3895	0.08030066479
3896	0.08029416474
3897	0.08028783527
3898	0.08027661129
3899	0.08026712988
3900	0.08026067998
3901	0.08025131907
3902	0.08024665615
3903	0.08024094042
3904	0.08023552642
3905	0.08022730123
3906	0.0802202041
3907	0.0802126482
3908	0.08020333933
3909	0.08019458396
3910	0.08018546144
3911	0.08017981217
3912	0.08017342895
3913	0.08016646626
3914	0.080165604
3915	0.08016077412
3916	0.08015241361
3917	0.08014414929
3918	0.08013273979
3919	0.08012644519
3920	0.08011581878
3921	0.08010884294
3922	0.08009951001
3923	0.0800889882
3924	0.08008658986
3925	0.08007882087
3926	0.08007796439
3927	0.08006961439
3928	0.08006154413
3929	0.08005594683
3930	0.08004664461
3931	0.08004322211
3932	0.08004249362
3933	0.08003342425
3934	0.08002346508
3935	0.08001370299
3936	0.08001132501
3937	0.08000647418
3938	0.07999721581
3939	0.07998825257
3940	0.07997759853
3941	0.07996957354
3942	0.07996277167
3943	0.07995765494
3944	0.07994955804
3945	0.07994569016
3946	0.07993648308
3947	0.07993113443
3948	0.07992357407
3949	0.07991674216
3950	0.07991287684
3951	0.07990628136
3952	0.07990057402
3953	0.07989511878
3954	0.07988654632
3955	0.07987920144
3956	0.07987212218
3957	0.07986351775
3958	0.07985977482
3959	0.07985569764
3960	0.07984208495
3961	0.07983464523
3962	0.07982890565
3963	0.07981814997
3964	0.07980939762
3965	0.07980380508
3966	0.07979523204
3967	0.07978823839
3968	0.0797792165
3969	0.07977837296
3970	0.07977765596
3971	0.07976695751
3972	0.07976184775
3973	0.07975295479
3974	0.079739471
3975	0.07973448194
3976	0.07972724754
3977	0.07972038132
3978	0.07971741737
3979	0.07970742894
3980	0.07969979265
3981	0.07969642485
3982	0.0796830473
3983	0.07968221146
3984	0.0796759398
3985	0.07966690475
3986	0.07966062758
3987	0.0796546859
3988	0.07964701939
3989	0.07964609645
3990	0.07963908123
3991	0.07962789794
3992	0.07962094423
3993	0.07962011519
3994	0.07960986244
3995	0.07960280005
3996	0.07960049223
3997	0.07959884322
3998	0.07959212988
3999	0.07959130684
4000	0.07958383909
4001	0.07957636234
4002	0.07956624677
4003	0.07956064489
4004	0.07955108012
4005	0.0795407436
4006	0.07953403153
4007	0.07953048943
4008	0.07952385791
4009	0.07951770655
4010	0.0795087312
4011	0.07950300949
4012	0.07950117792
4013	0.07949165541
4014	0.07948254074
4015	0.07947361412
4016	0.07946636276
4017	0.07945985909
4018	0.0794547614
4019	0.07944819992
4020	0.07944106964
4021	0.07943389761
4022	0.07942907659
4023	0.07942286168
4024	0.07941535164
4025	0.07940783564
4026	0.07939535463
4027	0.07938595868
4028	0.07938260219
4029	0.07938176566
4030	0.07937266763
4031	0.07936169546
4032	0.07934801442
4033	0.07933621655
4034	0.07932811335
4035	0.07931904985
4036	0.07931804022
4037	0.07931722918
4038	0.07931614029
4039	0.07930311901
4040	0.07929803322
4041	0.0792910319
4042	0.0792901367
4043	0.07928931319
4044	0.07928851117
4045	0.07928702003
4046	0.07927900112
4047	0.07926982714
4048	0.07926589338
4049	0.07925901594
4050	0.07925358062
4051	0.07924944505
4052	0.07923963652
4053	0.07923251151
4054	0.07922676542
4055	0.07922213252
4056	0.07922043147
4057	0.079219595
4058	0.07921125902
4059	0.07920529528
4060	0.07919644613
4061	0.07918900046
4062	0.07918257104
4063	0.07917626434
4064	0.07916981993
4065	0.0791665204
4066	0.07916553367
4067	0.07916472322
4068	0.07915545084
4069	0.07914938142
4070	0.07914852041
4071	0.07914295721
4072	0.07913434585
4073	0.07912698767
4074	0.07912107482
4075	0.0791115488
4076	0.0791049569
4077	0.07909840637
4078	0.0790976175
4079	0.07909180175
4080	0.0790800581
4081	0.079073968
4082	0.0790696174
4083	0.0790579368
4084	0.07905405743
4085	0.07904929229
4086	0.07904125918
4087	0.07903548829
4088	0.07902726779
4089	0.07902551949
4090	0.07901643437
4091	0.07900939863
4092	0.07900023734
4093	0.07898673497
4094	0.07897973416
4095	0.07897610592
4096	0.07896961182
4097	0.07896101323
4098	0.07895326542
4099	0.07894528077
4100	0.07893670741
4101	0.07892991466
4102	0.07892086302
4103	0.07891500469
4104	0.07891421642
4105	0.07890829852
4106	0.07890029213
4107	0.07889407098
4108	0.07888331189
4109	0.07887617778
4110	0.07886931024
4111	0.07886444593
4112	0.07885396902
4113	0.07884687984
4114	0.07883516257
4115	0.07882670123
4116	0.07882082237
4117	0.07881063741
4118	0.07880985451
4119	0.07880907437
4120	0.07880274352
4121	0.07879691543
4122	0.07878386365
4123	0.07877512951
4124	0.07876614899
4125	0.07875810083
4126	0.07875341686
4127	0.07874546705
4128	0.07873402116
4129	0.07872110868
4130	0.07871537336
4131	0.07870694739
4132	0.07870126696
4133	0.07868887157
4134	0.07867783624
4135	0.07866961355
4136	0.07866210863
4137	0.07865700199
4138	0.07865120085
4139	0.07863877377
4140	0.0786330621
4141	0.07862682283
4142	0.07861590681
4143	0.07860658894
4144	0.0785984789
4145	0.07859041395
4146	0.07858963579
4147	0.07858327683
4148	0.07857382583
4149	0.07856640308
4150	0.07855664563
4151	0.07855058667
4152	0.07854408941
4153	0.07853612119
4154	0.07852834598
4155	0.07852756802
4156	0.07852143266
4157	0.07852065739
4158	0.07851902167
4159	0.07851245638
4160	0.07851142151
4161	0.07850191141
4162	0.07849504009
4163	0.0784888037
4164	0.0784804237
4165	0.07847825947
4166	0.07846988971
4167	0.07846827902
4168	0.07846083169
4169	0.07845342228
4170	0.07844966504
4171	0.07844609953
4172	0.07843861392
4173	0.0784326886
4174	0.07842410422
4175	0.07841223671
4176	0.07840661061
4177	0.07839931155
4178	0.07839660053
4179	0.07838982508
4180	0.07838407139
4181	0.07837380283
4182	0.07836587831
4183	0.07835663584
4184	0.07834753201
4185	0.07833720762
4186	0.07832868403
4187	0.07832313997
4188	0.07831321629
4189	0.07830672245
4190	0.07830079912
4191	0.07829606496
4192	0.07828455595
4193	0.07827586436
4194	0.07826640104
4195	0.07826027258
4196	0.07825336984
4197	0.07824321306
4198	0.07824226594
4199	0.07823508288
4200	0.07822695514
4201	0.07822601156
4202	0.07822006399
4203	0.07821191662
4204	0.0782038302
4205	0.07819614902
4206	0.07818778556
4207	0.07817657299
4208	0.07816279198
4209	0.07815309053
4210	0.07814453722
4211	0.07813737458
4212	0.07812864788
4213	0.07812260963
4214	0.07811693756
4215	0.07811188062
4216	0.07810482881
4217	0.07810284288
4218	0.07809704218
4219	0.07809107078
4220	0.07808614021
4221	0.07808260706
4222	0.07807477969
4223	0.07806963443
4224	0.07806379017
4225	0.07805195637
4226	0.07804314525
4227	0.07803209122
4228	0.07802312958
4229	0.07801732373
4230	0.07801165375
4231	0.07800591868
4232	0.07799734026
4233	0.07798962337
4234	0.07798879529
4235	0.07798258753
4236	0.07797304351
4237	0.07796714194
4238	0.07796005651
4239	0.07795929598
4240	0.07795205157
4241	0.07794309816
4242	0.07793513376
4243	0.07792777567
4244	0.07791818836
4245	0.07791200337
4246	0.0779049236
4247	0.07789993227
4248	0.07789917323
4249	0.07789546263
4250	0.07788789888
4251	0.07788060705
4252	0.07787426536
4253	0.0778689456
4254	0.07786260302
4255	0.07785658874
4256	0.07784501985
4257	0.07784019874
4258	0.07783484251
4259	0.07783391308
4260	0.07783315912
4261	0.0778283212
4262	0.07782516149
4263	0.0778128947
4264	0.07781197094
4265	0.07781122206
4266	0.07780204091
4267	0.0777906996
4268	0.07778550475
4269	0.07777758295
4270	0.07776709393
4271	0.07776627959
4272	0.07775830556
4273	0.07775392447
4274	0.07774710412
4275	0.07773804138
4276	0.07773193838
4277	0.07772504562
4278	0.0777166034
4279	0.07770902371
4280	0.07770025489
4281	0.07769379899
4282	0.07768474909
4283	0.07767230294
4284	0.0776642032
4285	0.07766340059
4286	0.07765712242
4287	0.07764576673
4288	0.07764260604
4289	0.07763577965
4290	0.07763497946
4291	0.07762813087
4292	0.07762048574
4293	0.07761215419
4294	0.07760863927
4295	0.07759989447
4296	0.07759145521
4297	0.07758534529
4298	0.0775809056
4299	0.07757176821
4300	0.07756266761
4301	0.0775568124
4302	0.07755060609
4303	0.07754378023
4304	0.07753817219
4305	0.07752990591
4306	0.07752165295
4307	0.0775176556
4308	0.07751120289
4309	0.07750498492
4310	0.07749896068
4311	0.07749270956
4312	0.07748265473
4313	0.07747669328
4314	0.07746394112
4315	0.07745575205
4316	0.0774503709
4317	0.07744962376
4318	0.07744347655
4319	0.07743795997
4320	0.07743704901
4321	0.07742600054
4322	0.0774232349
4323	0.07741624134
4324	0.07741550001
4325	0.07740667007
4326	0.07740049031
4327	0.07739700312
4328	0.0773906006
4329	0.0773859422
4330	0.07738097504
4331	0.07737449429
4332	0.07736703121
4333	0.0773611359
4334	0.07735499803
4335	0.07735425831
4336	0.07734981524
4337	0.07734540247
4338	0.07733879869
4339	0.077331428
4340	0.07732975892
4341	0.07732443521
4342	0.07731869714
4343	0.07730756969
4344	0.07730208714
4345	0.07729667086
4346	0.07728575385
4347	0.07728008129
4348	0.07727620944
4349	0.07727060872
4350	0.07726604205
4351	0.07725988226
4352	0.07725175515
4353	0.07724660537
4354	0.07723839485
4355	0.07723225818
4356	0.07722404926
4357	0.07721866997
4358	0.07720999192
4359	0.07720758793
4360	0.07720168665
4361	0.07719899412
4362	0.07719048349
4363	0.07718259269
4364	0.07718179892
4365	0.07717608087
4366	0.0771684621
4367	0.07715983815
4368	0.07715462988
4369	0.07714659843
4370	0.0771383199
4371	0.07713322945
4372	0.07713217863
4373	0.0771253152
4374	0.07711603549
4375	0.07711029025
4376	0.0771029879
4377	0.07710219746
4378	0.07710146629
4379	0.07709674774
4380	0.07709006576
4381	0.07708928005
4382	0.07708511131
4383	0.07707965824
4384	0.07706837123
4385	0.07706137863
4386	0.07706059459
4387	0.07705125158
4388	0.0770463266
4389	0.07703616054
4390	0.07702949963
4391	0.07702270533
4392	0.07701671593
4393	0.07701193054
4394	0.07700381251
4395	0.07699600815
4396	0.07699522765
4397	0.07698824081
4398	0.0769828881
4399	0.07697085488
4400	0.07696693761
4401	0.07695660984
4402	0.07694777329
4403	0.07693923482
4404	0.07693047009
4405	0.07692622798
4406	0.07691874175
4407	0.07691083855
4408	0.07689872516
4409	0.07689249423
4410	0.07688950388
4411	0.07688878047
4412	0.07688790301
4413	0.07687819027
4414	0.07686699494
4415	0.0768589265
4416	0.07684849128
4417	0.07683781906
4418	0.07682898504
4419	0.07682269225
4420	0.07681579501
4421	0.07680778762
4422	0.07680027781
4423	0.07679219024
4424	0.07678425373
4425	0.0767785334
4426	0.07676779489
4427	0.07676111003
4428	0.07675769048
4429	0.0767501087
4430	0.07674936781
4431	0.07674510991
4432	0.07674184521
4433	0.07673782743
4434	0.07673423208
4435	0.07673052415
4436	0.07672484875
4437	0.07671417462
4438	0.07670798631
4439	0.07670434878
4440	0.07669758797
4441	0.07668556546
4442	0.07668139926
4443	0.076673282
4444	0.07667090308
4445	0.0766660482
4446	0.07666139065
4447	0.07665417037
4448	0.07664865863
4449	0.07664788813
4450	0.07664000556
4451	0.07663913808
4452	0.07662851903
4453	0.07661793458
4454	0.07661014479
4455	0.07660213909
4456	0.0765991016
4457	0.07659447164
4458	0.07659370751
4459	0.07658588517
4460	0.07658116378
4461	0.07657327659
4462	0.07656339901
4463	0.07655604755
4464	0.07655354429
4465	0.07655016613
4466	0.07654936368
4467	0.07654854621
4468	0.07654129231
4469	0.07653361909
4470	0.07653276402
4471	0.07653200501
4472	0.07652525097
4473	0.07651843388
4474	0.07651199097
4475	0.07650492196
4476	0.07649472762
4477	0.07648693791
4478	0.076483081
4479	0.07647786204
4480	0.07647106243
4481	0.07646099834
4482	0.07645214835
4483	0.07644468897
4484	0.07644393334
4485	0.07643582703
4486	0.0764283985
4487	0.07641877405
4488	0.07641807155
4489	0.07641265477
4490	0.07641186593
4491	0.07640623339
4492	0.07639580669
4493	0.0763885241
4494	0.07637883821
4495	0.07637297436
4496	0.07636172466
4497	0.07635094329
4498	0.07634133934
4499	0.07633553224
4500	0.07633325349
4501	0.07632801863
4502	0.07632463804
4503	0.07631596424
4504	0.0763152756
4505	0.07630815311
4506	0.07630046251
4507	0.07629594449
4508	0.07629049263
4509	0.07628505867
4510	0.0762774927
4511	0.07626796917
4512	0.07626718401
4513	0.07626305559
4514	0.07625747134
4515	0.07625219348
4516	0.07624413003
4517	0.07624022393
4518	0.07623160591
4519	0.0762198779
4520	0.07621450211
4521	0.07620995064
4522	0.07620193725
4523	0.07619251624
4524	0.07618529571
4525	0.07618006877
4526	0.07617222216
4527	0.07616239695
4528	0.07615647881
4529	0.07614838676
4530	0.07613724567
4531	0.07612878492
4532	0.07612803264
4533	0.07612056571
4534	0.07611232522
4535	0.07610175871
4536	0.07609459243
4537	0.0760847505
4538	0.07607698843
4539	0.07607493902
4540	0.07607424447
4541	0.07606545949
4542	0.07605534443
4543	0.07604358618
4544	0.07603552954
4545	0.07602865102
4546	0.07602323061
4547	0.076016119
4548	0.07601104884
4549	0.07600365919
4550	0.07600276802
4551	0.07599745044
4552	0.07598807957
4553	0.07598177749
4554	0.07597270912
4555	0.07597195787
4556	0.07596898328
4557	0.07596570822
4558	0.07596169087
4559	0.07595311864
4560	0.07594727163
4561	0.07594202031
4562	0.07593549186
4563	0.07592845691
4564	0.07592316253
4565	0.07591340298
4566	0.07590185891
4567	0.07589229906
4568	0.07588654823
4569	0.07588004686
4570	0.07587239078
4571	0.07586720449
4572	0.07586210126
4573	0.07585825465
4574	0.07585052531
4575	0.07584117219
4576	0.07582973214
4577	0.07582657162
4578	0.07582011048
4579	0.07581437114
4580	0.07580648812
4581	0.07579889948
4582	0.07579581794
4583	0.07579250478
4584	0.07578383541
4585	0.07578308882
4586	0.07577739685
4587	0.0757700953
4588	0.07576419795
4589	0.0757558749
4590	0.07574929551
4591	0.07574091896
4592	0.07573556742
4593	0.07572779631
4594	0.0757270521
4595	0.07571973562
4596	0.07571323528
4597	0.07570808888
4598	0.07570145297
4599	0.07569638235
4600	0.07568992385
4601	0.07568136065
4602	0.07567304153
4603	0.07566475092
4604	0.07565851635
4605	0.07565345637
4606	0.07564314477
4607	0.07563664854
4608	0.07563265281
4609	0.07562811362
4610	0.07562520089
4611	0.0756160098
4612	0.0756127328
4613	0.07560506032
4614	0.07559953557
4615	0.07559427161
4616	0.07558749149
4617	0.07558072728
4618	0.07557342605
4619	0.07557268541
4620	0.07556734989
4621	0.0755631675
4622	0.07556242866
4623	0.07556169197
4624	0.07555042715
4625	0.07554297007
4626	0.0755370437
4627	0.07553372818
4628	0.07552651331
4629	0.07552200735
4630	0.07551568701
4631	0.07551500245
4632	0.0755079715
4633	0.07550631461
4634	0.07550067072
4635	0.07549572149
4636	0.07548859647
4637	0.0754811145
4638	0.07547601163
4639	0.07546931556
4640	0.07546434413
4641	0.07545692038
4642	0.07544927212
4643	0.07544630402
4644	0.07544236601
4645	0.07543789793
4646	0.07542869885
4647	0.07541887437
4648	0.07541403388
4649	0.07540668886
4650	0.07540108766
4651	0.07539603448
4652	0.07539167629
4653	0.07538298526
4654	0.07538230437
4655	0.07537117523
4656	0.0753704967
4657	0.07536973565
4658	0.07536241507
4659	0.07536174786
4660	0.07535350723
4661	0.07534568973
4662	0.07533601544
4663	0.07532739837
4664	0.07531942451
4665	0.07531508254
4666	0.07530979083
4667	0.0753011915
4668	0.07529508592
4669	0.07528694956
4670	0.07528627803
4671	0.0752779852
4672	0.07527167515
4673	0.07526557552
4674	0.07526164525
4675	0.07525647493
4676	0.07525126795
4677	0.07524673348
4678	0.07524150526
4679	0.07523752435
4680	0.07523433285
4681	0.07522900554
4682	0.0752230427
4683	0.07521997615
4684	0.07521290365
4685	0.07521112227
4686	0.07520537265
4687	0.07519886533
4688	0.07519367138
4689	0.07518875239
4690	0.07518808219
4691	0.07518256235
4692	0.07517624444
4693	0.07517193666
4694	0.07516490236
4695	0.0751558675
4696	0.07515515031
4697	0.07514754481
4698	0.07514254683
4699	0.07513336918
4700	0.07512587481
4701	0.07511889574
4702	0.07510982859
4703	0.0751047957
4704	0.07510251834
4705	0.07509743796
4706	0.0750902903
4707	0.07508192476
4708	0.07507458487
4709	0.07506812958
4710	0.07505658453
4711	0.07505124239
4712	0.0750489066
4713	0.07504823941
4714	0.07504069477
4715	0.07503748749
4716	0.07503467026
4717	0.0750304459
4718	0.07502965132
4719	0.07502323772
4720	0.0750225271
4721	0.07502181854
4722	0.0750129239
4723	0.07500681155
4724	0.0750037055
4725	0.07499641841
4726	0.07498916288
4727	0.07498374483
4728	0.07497700945
4729	0.07496906367
4730	0.07496044747
4731	0.07495278492
4732	0.07494859977
4733	0.07494305539
4734	0.07493681705
4735	0.07493554003
4736	0.07492902965
4737	0.07492832321
4738	0.07492761882
4739	0.07492695896
4740	0.0749174719
4741	0.0749092631
4742	0.07490694882
4743	0.07489953987
4744	0.07489397911
4745	0.0748873111
4746	0.07488308075
4747	0.07487842855
4748	0.07487772763
4749	0.07487006004
4750	0.07486565275
4751	0.07486004938
4752	0.07485929874
4753	0.07485243186
4754	0.07485165227
4755	0.074844378
4756	0.07483718103
4757	0.07483644966
4758	0.07483087006
4759	0.07482379987
4760	0.07482305093
4761	0.07481523717
4762	0.07481457403
4763	0.07480875997
4764	0.07480394435
4765	0.07479634687
4766	0.07478855218
4767	0.07478101876
4768	0.07477815825
4769	0.0747725021
4770	0.07476549674
4771	0.07475870136
4772	0.07475341815
4773	0.07474922417
4774	0.07474129962
4775	0.07473072366
4776	0.07472544917
4777	0.07471704217
4778	0.07471077805
4779	0.07470583583
4780	0.07470203093
4781	0.07469656825
4782	0.07469580266
4783	0.07468939294
4784	0.07468482616
4785	0.07467328217
4786	0.07466680883
4787	0.0746661179
4788	0.0746582031
4789	0.07465380644
4790	0.07464747672
4791	0.07464679454
4792	0.07464611481
4793	0.07464198724
4794	0.07463710819
4795	0.0746364225
4796	0.07463180626
4797	0.07463117329
4798	0.07462216285
4799	0.07461746334
4800	0.07460836782
4801	0.07460005034
4802	0.07459940968
4803	0.07459233827
4804	0.07458289564
4805	0.07457596601
4806	0.07457043773
4807	0.07456283703
4808	0.07455728419
4809	0.07455015231
4810	0.07454708028
4811	0.07454108986
4812	0.07453573304
4813	0.07453041361
4814	0.07452531327
4815	0.07452026453
4816	0.07451847243
4817	0.07451548108
4818	0.07450979511
4819	0.07450173009
4820	0.07449689286
4821	0.0744929195
4822	0.07448361343
4823	0.07447680764
4824	0.07446979663
4825	0.07446250783
4826	0.07445935022
4827	0.0744540151
4828	0.07444875389
4829	0.07444811675
4830	0.07444748193
4831	0.07444681069
4832	0.07444613545
4833	0.07443720993
4834	0.07443657941
4835	0.07442911765
4836	0.07442431258
4837	0.07441791451
4838	0.07441724243
4839	0.07441016256
4840	0.07440309436
4841	0.07439882992
4842	0.07439469263
4843	0.0743891855
4844	0.07438132006
4845	0.07437519944
4846	0.07436812598
4847	0.07436242033
4848	0.07436014883
4849	0.07435218642
4850	0.07434995664
4851	0.0743391228
4852	0.07433243013
4853	0.07432439889
4854	0.07431999199
4855	0.07431495133
4856	0.07430860148
4857	0.07430458779
4858	0.07429922794
4859	0.07429255351
4860	0.0742876706
4861	0.07428396814
4862	0.07427598186
4863	0.07427484948
4864	0.07427355113
4865	0.07426477179
4866	0.07425941276
4867	0.0742560437
4868	0.074249034
4869	0.07424836513
4870	0.07424326462
4871	0.07423649336
4872	0.07422822466
4873	0.07422138889
4874	0.07421586734
4875	0.07421512652
4876	0.07420852152
4877	0.07420317781
4878	0.07419555854
4879	0.07419486118
4880	0.07418934991
4881	0.07418259084
4882	0.07418197015
4883	0.07417558927
4884	0.07416838191
4885	0.07416356795
4886	0.07415816034
4887	0.07415749698
4888	0.07415223009
4889	0.07414304835
4890	0.07414129876
4891	0.07413340626
4892	0.07412968283
4893	0.07412321923
4894	0.07411601205
4895	0.07411535078
4896	0.07410744693
4897	0.07410071313
4898	0.07409535796
4899	0.07408938805
4900	0.07408873382
4901	0.07408025142
4902	0.07407228024
4903	0.07406658377
4904	0.07406128078
4905	0.07405433229
4906	0.07404986832
4907	0.07404208883
4908	0.07403627803
4909	0.0740296526
4910	0.07402345175
4911	0.07401677663
4912	0.07401077153
4913	0.07400726235
4914	0.07400197787
4915	0.07399672553
4916	0.07398714999
4917	0.07398649242
4918	0.07398389243
4919	0.07397841198
4920	0.07397252128
4921	0.07396348142
4922	0.07396222365
4923	0.07395797758
4924	0.07394931633
4925	0.07394314329
4926	0.07393481236
4927	0.07392727248
4928	0.07392401863
4929	0.07392340309
4930	0.07391647359
4931	0.07391229972
4932	0.07390516269
4933	0.07390450705
4934	0.07389907157
4935	0.07389841844
4936	0.07389137653
4937	0.07388591422
4938	0.07387971486
4939	0.07387276844
4940	0.07386957992
4941	0.07386637472
4942	0.07385658033
4943	0.07385022575
4944	0.0738480466
4945	0.07384599503
4946	0.07383853319
4947	0.07383792253
4948	0.07383375369
4949	0.07382799878
4950	0.07382180839
4951	0.07382115683
4952	0.07381708814
4953	0.07380920986
4954	0.0738006423
4955	0.07379552152
4956	0.07378489239
4957	0.07378424186
4958	0.07378096183
4959	0.0737761662
4960	0.07376831985
4961	0.07376093608
4962	0.07375663098
4963	0.07375240963
4964	0.07374238129
4965	0.0737353416
4966	0.07373024724
4967	0.07372074395
4968	0.07371610393
4969	0.07370842352
4970	0.07370125214
4971	0.0737006044
4972	0.07369658618
4973	0.07369594487
4974	0.07368712159
4975	0.07368188243
4976	0.07367732862
4977	0.07366962922
4978	0.07366899004
4979	0.07366078355
4980	0.07365361339
4981	0.07364392486
4982	0.07363844648
4983	0.07362995152
4984	0.07362868279
4985	0.07362200259
4986	0.07361551028
4987	0.07361146828
4988	0.07360257069
4989	0.0735952946
4990	0.07358918924
4991	0.07358391587
4992	0.07357475831
4993	0.07356842117
4994	0.07356166642
4995	0.07355562376
4996	0.07354918752
4997	0.07354172542
4998	0.07353520862
4999	0.07352648081
5000	0.07351771681
5001	0.07350816963
5002	0.07350745719
5003	0.07350250292
5004	0.07350049552
5005	0.07349985626
5006	0.07349212366
5007	0.07349152302
5008	0.07348468982
5009	0.0734805723
5010	0.07347506996
5011	0.0734673824
5012	0.07346008791
5013	0.07345610716
5014	0.07344560978
5015	0.07344501098
5016	0.07343513608
5017	0.07342743858
5018	0.07342437532
5019	0.07342294331
5020	0.07341618874
5021	0.0734094322
5022	0.07340879682
5023	0.07340261008
5024	0.07339251868
5025	0.07338680957
5026	0.07337641088
5027	0.0733723495
5028	0.0733627967
5029	0.07335269075
5030	0.0733520958
5031	0.07334370944
5032	0.07334300822
5033	0.07333905897
5034	0.07333077025
5035	0.07333009922
5036	0.07332947338
5037	0.07332402682
5038	0.0733227187
5039	0.07331568496
5040	0.07331025618
5041	0.07330421172
5042	0.07329863944
5043	0.07329559678
5044	0.07329333265
5045	0.07328616888
5046	0.07327892535
5047	0.07327539233
5048	0.0732681761
5049	0.07326286065
5050	0.07325746932
5051	0.0732539001
5052	0.07324688686
5053	0.07324316019
5054	0.0732376489
5055	0.07323038153
5056	0.07322556422
5057	0.07321762358
5058	0.07321365627
5059	0.07320265856
5060	0.07320203603
5061	0.073197136
5062	0.0731926618
5063	0.07318862467
5064	0.07318151501
5065	0.0731775845
5066	0.07317163772
5067	0.07316640079
5068	0.07315935391
5069	0.07315403858
5070	0.07315077994
5071	0.07314569298
5072	0.0731386075
5073	0.07313061098
5074	0.0731254927
5075	0.0731248638
5076	0.07311741526
5077	0.07310954461
5078	0.07310428962
5079	0.07309890607
5080	0.07309361677
5081	0.07308537441
5082	0.07308009826
5083	0.0730756898
5084	0.07306698939
5085	0.07306193661
5086	0.07305438216
5087	0.0730444148
5088	0.07303754649
5089	0.07303087436
5090	0.07302539094
5091	0.07301793024
5092	0.07301277052
5093	0.07300787575
5094	0.07300728716
5095	0.07299930819
5096	0.07299177235
5097	0.07298565815
5098	0.07297620049
5099	0.07297038071
5100	0.07296332082
5101	0.0729559071
5102	0.07295528568
5103	0.07295054829
5104	0.0729469452
5105	0.07294030283
5106	0.07293441179
5107	0.07293094511
5108	0.07292517855
5109	0.07292456027
5110	0.07291945617
5111	0.07291286288
5112	0.07290942315
5113	0.07290764427
5114	0.07290695928
5115	0.07290170855
5116	0.07289429342
5117	0.07288550528
5118	0.07287566812
5119	0.07286420786
5120	0.07285530146
5121	0.07285171782
5122	0.07284724082
5123	0.07284484585
5124	0.0728442217
5125	0.07284356385
5126	0.07283884236
5127	0.07283413752
5128	0.07282899137
5129	0.07282381865
5130	0.07281539458
5131	0.07280758627
5132	0.07280036545
5133	0.07279427279
5134	0.07278633882
5135	0.07278564457
5136	0.07278502495
5137	0.07278125207
5138	0.07277473232
5139	0.07276766502
5140	0.07276352811
5141	0.07275943267
5142	0.07275789279
5143	0.07275453582
5144	0.07274814862
5145	0.07274097497
5146	0.07273718112
5147	0.07273005251
5148	0.07272943658
5149	0.07272429721
5150	0.07271914631
5151	0.07271349274
5152	0.07271018997
5153	0.07270347944
5154	0.07269592139
5155	0.07269534264
5156	0.07269047179
5157	0.07268989496
5158	0.07268402535
5159	0.07268341962
5160	0.07268070763
5161	0.07267170402
5162	0.07266669556
5163	0.07266059229
5164	0.07265077781
5165	0.07265017603
5166	0.07264597021
5167	0.07264112286
5168	0.07263426444
5169	0.07263366518
5170	0.07262815126
5171	0.07261808847
5172	0.07261456021
5173	0.07260796165
5174	0.07259868181
5175	0.07259180643
5176	0.07258660156
5177	0.07258145075
5178	0.07257438272
5179	0.07256939317
5180	0.07256220433
5181	0.07255764723
5182	0.0725521505
5183	0.07254612493
5184	0.07254552647
5185	0.0725402005
5186	0.07253599048
5187	0.07253111046
5188	0.07252517308
5189	0.07252456714
5190	0.07251619369
5191	0.07251123267
5192	0.07250527156
5193	0.07249986961
5194	0.07249492318
5195	0.07248871848
5196	0.07248557479
5197	0.07248102718
5198	0.07248043302
5199	0.07247884204
5200	0.07247133485
5201	0.07246494919
5202	0.0724588398
5203	0.07244965994
5204	0.07244567411
5205	0.07244170095
5206	0.07243581033
5207	0.07243521625
5208	0.07242815395
5209	0.07242751071
5210	0.07242197016
5211	0.07241928792
5212	0.07241586682
5213	0.0724152254
5214	0.07240687664
5215	0.07240179713
5216	0.07240120818
5217	0.07239516571
5218	0.0723874875
5219	0.07238112513
5220	0.07237654092
5221	0.07237597481
5222	0.07236786784
5223	0.07236222528
5224	0.0723521099
5225	0.07234599935
5226	0.07234053277
5227	0.07233993482
5228	0.07233402093
5229	0.07232740198
5230	0.07232603524
5231	0.07231991396
5232	0.0723144006
5233	0.07231093105
5234	0.07230715463
5235	0.07230545292
5236	0.07230486972
5237	0.07229758856
5238	0.0722943252
5239	0.07229000327
5240	0.07228411043
5241	0.07227997456
5242	0.07227395412
5243	0.07226587908
5244	0.07226529193
5245	0.07225969631
5246	0.07225910235
5247	0.07225204397
5248	0.07224708601
5249	0.07224300858
5250	0.07223825196
5251	0.07223367117
5252	0.07222701512
5253	0.07222295914
5254	0.07221572713
5255	0.07221457831
5256	0.07220709461
5257	0.07219708531
5258	0.07219645998
5259	0.07219590033
5260	0.07219302028
5261	0.07218564046
5262	0.07218138091
5263	0.07217447429
5264	0.07217324881
5265	0.07217226628
5266	0.07216728239
5267	0.07216592805
5268	0.07215679776
5269	0.07215285319
5270	0.07214713317
5271	0.07214062452
5272	0.07213576418
5273	0.07213068684
5274	0.0721233156
5275	0.07211622413
5276	0.07210880463
5277	0.07210268891
5278	0.07209560856
5279	0.07208945914
5280	0.07208365325
5281	0.07207523377
5282	0.07207135526
5283	0.07206519717
5284	0.0720573248
5285	0.07204769761
5286	0.07204033915
5287	0.07203537543
5288	0.07203227006
5289	0.07202126243
5290	0.07201443633
5291	0.0720096923
5292	0.07200591811
5293	0.07200317407
5294	0.07199881024
5295	0.07199150346
5296	0.07198637437
5297	0.07198578503
5298	0.07197680948
5299	0.07197033346
5300	0.07196382373
5301	0.07196191546
5302	0.07195722976
5303	0.07195235446
5304	0.0719480018
5305	0.07194306909
5306	0.07193572666
5307	0.07193379862
5308	0.0719279828
5309	0.07192421284
5310	0.0719236577
5311	0.07191918931
5312	0.0719107254
5313	0.07190225138
5314	0.07189549184
5315	0.07189104745
5316	0.07188405985
5317	0.07188347196
5318	0.07188063695
5319	0.07187672787
5320	0.07186990458
5321	0.07186319407
5322	0.0718553247
5323	0.07184647013
5324	0.0718416934
5325	0.07183863706
5326	0.07183048265
5327	0.07182860232
5328	0.07182532837
5329	0.07182161528
5330	0.07181673856
5331	0.071810039
5332	0.07180532614
5333	0.07180119534
5334	0.07179610587
5335	0.07179551962
5336	0.07179494952
5337	0.07179011019
5338	0.07178596868
5339	0.07178055772
5340	0.07177654152
5341	0.07176973445
5342	0.07176916645
5343	0.07176407631
5344	0.07175974963
5345	0.07175918383
5346	0.07175467515
5347	0.07174658051
5348	0.07174204642
5349	0.07174146493
5350	0.07173834658
5351	0.07173551198
5352	0.07173172855
5353	0.07172606235
5354	0.07172106253
5355	0.07171440816
5356	0.07171153817
5357	0.07170492566
5358	0.07169714493
5359	0.07169453219
5360	0.07169230851
5361	0.07168395197
5362	0.07167937257
5363	0.07167258321
5364	0.07166695713
5365	0.07165862802
5366	0.07165135756
5367	0.0716463191
5368	0.07164090596
5369	0.07163454327
5370	0.07162730323
5371	0.071623415
5372	0.07161421046
5373	0.07161366153
5374	0.0716131146
5375	0.07160856085
5376	0.07160052429
5377	0.07159502603
5378	0.0715860005
5379	0.07158395655
5380	0.07158337899
5381	0.07158091395
5382	0.07157961061
5383	0.07157216658
5384	0.07156413249
5385	0.07156355659
5386	0.07155780054
5387	0.0715557031
5388	0.07154825619
5389	0.07154324127
5390	0.07153728102
5391	0.07153543897
5392	0.07153042595
5393	0.07152574955
5394	0.07152469494
5395	0.07151969897
5396	0.07150922862
5397	0.07150621037
5398	0.07149642452
5399	0.07148743916
5400	0.07148689641
5401	0.07148157682
5402	0.07147435056
5403	0.07146937061
5404	0.0714649899
5405	0.07146011978
5406	0.07145508173
5407	0.07145450934
5408	0.07144993298
5409	0.07144463711
5410	0.0714421119
5411	0.07144154164
5412	0.07144025636
5413	0.07143559882
5414	0.0714283604
5415	0.07142333786
5416	0.07141692794
5417	0.07141051376
5418	0.07140761188
5419	0.07139871465
5420	0.0713981618
5421	0.07139373579
5422	0.07139037553
5423	0.07138982566
5424	0.07138628147
5425	0.07138573342
5426	0.07137495371
5427	0.07136684136
5428	0.07135818494
5429	0.0713539079
5430	0.07134937934
5431	0.07134200908
5432	0.07133491853
5433	0.07133031833
5434	0.07132548177
5435	0.0713217067
5436	0.07131391084
5437	0.0713057846
5438	0.07130131171
5439	0.07129357514
5440	0.07128803977
5441	0.07128309163
5442	0.07127652978
5443	0.07127366923
5444	0.0712677419
5445	0.07126400125
5446	0.07125890018
5447	0.07125331435
5448	0.07125277123
5449	0.07124451776
5450	0.07124175345
5451	0.07123625578
5452	0.07123572034
5453	0.07123515906
5454	0.07123272881
5455	0.07123082841
5456	0.07122885508
5457	0.07122406782
5458	0.07121798075
5459	0.07121743902
5460	0.07121688182
5461	0.07121082481
5462	0.07120331211
5463	0.07119406973
5464	0.0711875319
5465	0.07118560566
5466	0.07118135402
5467	0.07118081598
5468	0.07117603375
5469	0.07117476212
5470	0.07117425979
5471	0.07116500389
5472	0.07116447773
5473	0.07115658333
5474	0.07114811554
5475	0.07114759115
5476	0.07113960396
5477	0.07112837311
5478	0.07112064228
5479	0.07111766775
5480	0.07111510029
5481	0.07111233453
5482	0.07110665486
5483	0.07110611948
5484	0.07110558597
5485	0.07109594142
5486	0.07108912949
5487	0.07108396832
5488	0.07107884225
5489	0.07107122337
5490	0.07106349777
5491	0.07105860206
5492	0.07105466728
5493	0.07105000371
5494	0.07104456929
5495	0.07103964348
5496	0.07103117615
5497	0.07103065613
5498	0.07102625101
5499	0.0710227195
5500	0.07101618849
5501	0.07101142977
5502	0.07100559656
5503	0.07099886093
5504	0.07099206171
5505	0.07098747878
5506	0.07098437753
5507	0.07097730053
5508	0.07097676936
5509	0.07097416685
5510	0.07096689856
5511	0.07096319686
5512	0.0709589127
5513	0.07095393691
5514	0.07094331716
5515	0.07094278717
5516	0.07094006801
5517	0.070936448
5518	0.07092968268
5519	0.0709237014
5520	0.07091393657
5521	0.07091340673
5522	0.07090970599
5523	0.07090917769
5524	0.07090205372
5525	0.07089590205
5526	0.07088871723
5527	0.07088375481
5528	0.07087889926
5529	0.07087457166
5530	0.07086797955
5531	0.07086105995
5532	0.07085562113
5533	0.07084792369
5534	0.07084022544
5535	0.07083460031
5536	0.07082637143
5537	0.07082148548
5538	0.07081572521
5539	0.0708108256
5540	0.07080581126
5541	0.07080528531
5542	0.07080147675
5543	0.07079290485
5544	0.07078752865
5545	0.07077973439
5546	0.07077242993
5547	0.07076393624
5548	0.0707564751
5549	0.07075334916
5550	0.0707485138
5551	0.07074021744
5552	0.07073569322
5553	0.07073088297
5554	0.07072417687
5555	0.07072072987
5556	0.07071600488
5557	0.07071552871
5558	0.07070851284
5559	0.07070052156
5560	0.07069347039
5561	0.070688553
5562	0.07068520351
5563	0.07068467422
5564	0.07068415021
5565	0.07067456367
5566	0.07066504388
5567	0.07065812383
5568	0.07065213926
5569	0.07064598095
5570	0.07063927994
5571	0.07063258251
5572	0.07062692914
5573	0.07062486118
5574	0.07061779247
5575	0.07061348876
5576	0.07060989417
5577	0.07060181038
5578	0.07059936985
5579	0.07059240504
5580	0.07058820073
5581	0.07058022085
5582	0.07057668008
5583	0.070565452
5584	0.07056492474
5585	0.07056440495
5586	0.07056121494
5587	0.07056071942
5588	0.07055611246
5589	0.07055044182
5590	0.07054625126
5591	0.07054572879
5592	0.07053779199
5593	0.07053725662
5594	0.07053041388
5595	0.07052599237
5596	0.07052547302
5597	0.07052495737
5598	0.07051880123
5599	0.07051585983
5600	0.07051534298
5601	0.07050619754
5602	0.07049918686
5603	0.07049464629
5604	0.07048806241
5605	0.07048298902
5606	0.07047600429
5607	0.07046888544
5608	0.070462643
5609	0.07045745494
5610	0.07045270852
5611	0.07044907634
5612	0.07044856172
5613	0.07044215676
5614	0.07043307846
5615	0.07043153092
5616	0.07042598532
5617	0.07042127903
5618	0.07041936675
5619	0.0704113868
5620	0.07040628352
5621	0.07040240807
5622	0.07039590114
5623	0.07038993605
5624	0.0703798862
5625	0.07037232031
5626	0.0703717923
5627	0.07036814475
5628	0.07036113026
5629	0.07035578568
5630	0.07035352504
5631	0.07035166523
5632	0.07034826734
5633	0.07034097141
5634	0.07033625778
5635	0.07033183928
5636	0.07032559005
5637	0.07031873676
5638	0.07031340191
5639	0.07030643799
5640	0.07030071606
5641	0.07029804779
5642	0.07029357644
5643	0.07028936069
5644	0.0702824377
5645	0.07027743714
5646	0.07027448912
5647	0.07027029362
5648	0.07026240161
5649	0.07025922566
5650	0.07025547181
5651	0.0702504569
5652	0.07024708738
5653	0.07024282844
5654	0.07023823959
5655	0.07023465514
5656	0.07022814098
5657	0.07022465383
5658	0.07021825143
5659	0.07021010271
5660	0.07020338246
5661	0.07019338526
5662	0.07019042461
5663	0.07018988574
5664	0.0701855634
5665	0.07018028913
5666	0.07017559666
5667	0.07016577237
5668	0.07016036935
5669	0.07015986837
5670	0.07015937415
5671	0.07015499839
5672	0.0701513765
5673	0.07015087856
5674	0.0701439624
5675	0.07013960525
5676	0.07013912531
5677	0.07013578777
5678	0.07013315678
5679	0.07012850421
5680	0.07012144155
5681	0.07011118491
5682	0.070103216
5683	0.07009660064
5684	0.07008981404
5685	0.07008416539
5686	0.07007843572
5687	0.07007229818
5688	0.07006923757
5689	0.07006315522
5690	0.07006184572
5691	0.07005560364
5692	0.07005069399
5693	0.07004514195
5694	0.07003911646
5695	0.07003049441
5696	0.07002497009
5697	0.07001769789
5698	0.07001088785
5699	0.07000683402
5700	0.07000439619
5701	0.06999873827
5702	0.06999650644
5703	0.06999164519
5704	0.06999113874
5705	0.06998358222
5706	0.06997676214
5707	0.06996896964
5708	0.06995919746
5709	0.06995246023
5710	0.06995018394
5711	0.06994475079
5712	0.06993923903
5713	0.06993877835
5714	0.06993503866
5715	0.06993448054
5716	0.06992904038
5717	0.0699284065
5718	0.06992234386
5719	0.06991783046
5720	0.06991390262
5721	0.06990913119
5722	0.06990700248
5723	0.06990652764
5724	0.06989951021
5725	0.06989084807
5726	0.06988474263
5727	0.06987977914
5728	0.06987927774
5729	0.0698739313
5730	0.06987102348
5731	0.06986696531
5732	0.06986117944
5733	0.0698565161
5734	0.06985196404
5735	0.06984418565
5736	0.06983605239
5737	0.06983281918
5738	0.06983231872
5739	0.06983096338
5740	0.06982422925
5741	0.0698202367
5742	0.06981370956
5743	0.06980550028
5744	0.06980050556
5745	0.06979672311
5746	0.0697940294
5747	0.06978932643
5748	0.06978672979
5749	0.06977896709
5750	0.06977025375
5751	0.06976595383
5752	0.06976547163
5753	0.0697589594
5754	0.06975840875
5755	0.06975112142
5756	0.06974650785
5757	0.06974595902
5758	0.06974080989
5759	0.06973252366
5760	0.0697282562
5761	0.06972040451
5762	0.06971891989
5763	0.06971253468
5764	0.06970653614
5765	0.0697017427
5766	0.0696961372
5767	0.06969302982
5768	0.06969253369
5769	0.06968978575
5770	0.06968599215
5771	0.06967886468
5772	0.06967487731
5773	0.06967438314
5774	0.06967391634
5775	0.0696704515
5776	0.06966574872
5777	0.0696626202
5778	0.06966033686
5779	0.06965936848
5780	0.06965442322
5781	0.0696499953
5782	0.06964394163
5783	0.06963522582
5784	0.0696308815
5785	0.06962585011
5786	0.06962085351
5787	0.06961620437
5788	0.06960827577
5789	0.06960450193
5790	0.0695960287
5791	0.06959065046
5792	0.06958410886
5793	0.06957811031
5794	0.06957761828
5795	0.06957198683
5796	0.06956564053
5797	0.06955627973
5798	0.06954904302
5799	0.06954560746
5800	0.06954004646
5801	0.06953364702
5802	0.06953315733
5803	0.06952547605
5804	0.06952144019
5805	0.06951592291
5806	0.06950846624
5807	0.06949918031
5808	0.06949224278
5809	0.06948664041
5810	0.06948107151
5811	0.06948058403
5812	0.06947635249
5813	0.06947586425
5814	0.06946966627
5815	0.06946411454
5816	0.0694586795
5817	0.06945324137
5818	0.06944672247
5819	0.0694427568
5820	0.06943562861
5821	0.06943290914
5822	0.06943242311
5823	0.06943196122
5824	0.06942626114
5825	0.06942016402
5826	0.06941968076
5827	0.06941914758
5828	0.06941868962
5829	0.06941821702
5830	0.06941773885
5831	0.06941138037
5832	0.06940644363
5833	0.0693986328
5834	0.06939206982
5835	0.06938831686
5836	0.06938027653
5837	0.06937390206
5838	0.06937342583
5839	0.06936886584
5840	0.06936278087
5841	0.069353602
5842	0.06934986129
5843	0.06934407269
5844	0.06934359804
5845	0.06934312495
5846	0.06933680291
5847	0.06933508543
5848	0.0693309453
5849	0.06933051261
5850	0.06933004397
5851	0.06932465949
5852	0.06932044899
5853	0.0693132374
5854	0.06931274975
5855	0.06931128566
5856	0.06930658974
5857	0.06930332895
5858	0.06929981782
5859	0.06929555913
5860	0.06928933225
5861	0.06928280524
5862	0.06927720866
5863	0.0692709197
5864	0.06926660519
5865	0.06926030852
5866	0.06925442809
5867	0.06924996063
5868	0.06924224706
5869	0.06923524156
5870	0.0692315277
5871	0.06922545703
5872	0.06922493755
5873	0.0692244937
5874	0.0692240288
5875	0.06922021124
5876	0.06921975559
5877	0.06921441691
5878	0.0692120756
5879	0.06920907282
5880	0.06920050598
5881	0.06919381493
5882	0.06918883165
5883	0.0691829407
5884	0.06917703812
5885	0.06917374828
5886	0.06917070864
5887	0.06916819918
5888	0.06916251006
5889	0.06915945468
5890	0.06915572615
5891	0.06915124598
5892	0.06914483986
5893	0.06913792954
5894	0.06913260802
5895	0.06913143061
5896	0.06912728904
5897	0.06912220202
5898	0.06911518503
5899	0.0691095407
5900	0.06910161375
5901	0.06909452645
5902	0.06908667909
5903	0.06908132769
5904	0.06907477573
5905	0.06906623043
5906	0.06905631969
5907	0.06904980711
5908	0.06904611864
5909	0.06904479424
5910	0.06903968464
5911	0.06903479898
5912	0.06902612786
5913	0.06902067856
5914	0.06901043723
5915	0.06900479846
5916	0.06900161599
5917	0.06899698626
5918	0.06899117371
5919	0.06899074837
5920	0.06898334793
5921	0.06898285914
5922	0.06897838706
5923	0.06897061222
5924	0.06897012375
5925	0.06896438427
5926	0.06895722049
5927	0.06895452585
5928	0.06894801291
5929	0.06894172172
5930	0.06893660225
5931	0.06893025536
5932	0.06892631824
5933	0.06892505991
5934	0.06891739866
5935	0.06890979552
5936	0.06890556403
5937	0.06889838808
5938	0.06889218298
5939	0.06888434265
5940	0.06887689825
5941	0.06887097734
5942	0.06886581715
5943	0.06885599602
5944	0.06885483195
5945	0.06885030685
5946	0.06884159943
5947	0.06883489018
5948	0.06882549672
5949	0.06882410662
5950	0.06882361992
5951	0.06881738159
5952	0.06881176506
5953	0.06880754124
5954	0.06880106567
5955	0.06879671799
5956	0.06879627026
5957	0.06879025483
5958	0.06878526621
5959	0.06878480328
5960	0.06877854115
5961	0.06877721322
5962	0.06876759838
5963	0.06876356171
5964	0.06875814989
5965	0.06875025982
5966	0.06874598603
5967	0.06874237224
5968	0.06874191802
5969	0.06873693815
5970	0.06873126266
5971	0.06872764138
5972	0.0687243897
5973	0.0687239367
5974	0.06871779035
5975	0.0687166384
5976	0.06871302921
5977	0.06871205575
5978	0.06871161324
5979	0.06871118233
5980	0.06870429705
5981	0.06870384761
5982	0.06869717126
5983	0.06868925274
5984	0.06868517795
5985	0.06867924039
5986	0.06867730344
5987	0.06866932448
5988	0.06866774241
5989	0.06866493837
5990	0.06865761808
5991	0.06865213239
5992	0.06864742781
5993	0.06864258403
5994	0.06863609389
5995	0.06863053874
5996	0.06862644582
5997	0.06862601708
5998	0.06862282995
5999	0.06861804176
